scenario,provider,baseline,strategyFamily,datasetSize,changeRatio,executionStatus,skipReason,iterations,meanMilliseconds,minMilliseconds,maxMilliseconds,meanAllocatedBytes,minAllocatedBytes,maxAllocatedBytes,executionDetail,persistedOutcome
customer-profile-history,SQLite local temporary files,conventional-ef,classic-ef,"1 customer, 2 profile states",50% repeat-change history,completed,,1,129.240,129.240,129.240,1129360,1129360,1129360,scenario=customer-profile-history; provider=SQLite local temporary files; baseline=conventional-ef; strategyFamily=classic-ef; executionPath=classic EF baseline,2 customer profile history rows for C-100
customer-profile-bulk-insert-only,SQLite local temporary files,conventional-ef-bulk,classic-ef,"100 customers, 1 profile state each",0% repeat-change history,completed,,1,29.651,29.651,29.651,1954696,1954696,1954696,scenario=customer-profile-bulk-insert-only; provider=SQLite local temporary files; baseline=conventional-ef-bulk; strategyFamily=classic-ef; executionPath=classic EF baseline,100 customer profile history rows for 100 customers
customer-profile-bulk-history,SQLite local temporary files,conventional-ef-bulk,classic-ef,"100 customers, 10 profile states each",90% repeat-change history,completed,,1,40.882,40.882,40.882,11297152,11297152,11297152,scenario=customer-profile-bulk-history; provider=SQLite local temporary files; baseline=conventional-ef-bulk; strategyFamily=classic-ef; executionPath=classic EF baseline,1000 customer profile history rows for 100 customers
order-product-fulfillment-history,SQLite local temporary files,conventional-ef,classic-ef,"1 order-product relationship, 2 fulfillment states",50% repeat-change history,completed,,1,78.934,78.934,78.934,1961736,1961736,1961736,scenario=order-product-fulfillment-history; provider=SQLite local temporary files; baseline=conventional-ef; strategyFamily=classic-ef; executionPath=classic EF baseline,"1 order, 1 product, 1 relationship, and 2 fulfillment history rows for O-1000/SKU-COFFEE"
customer-profile-history,SQLite local temporary files,dvault-adddvault-fallback,provider-neutral-dvault-fallback,"1 customer, 2 profile states",50% repeat-change history,completed,,1,104.040,104.040,104.040,1397360,1397360,1397360,scenario=customer-profile-history; provider=SQLite local temporary files; baseline=dvault-adddvault-fallback; strategyFamily=provider-neutral-dvault-fallback; executionPath=DVault provider-neutral fallback path; selectedStrategy=<none>; hashKeyVariant=sha256-v1-hex; stableHashAlgorithm=sha256-v1; digestBytes=32; hashKeyStorage=HexString; hashKeyPayloadBytes=64,1 customer hub row and 2 profile satellite rows for C-100
customer-profile-history,SQLite local temporary files,dvault-adddvaultsqlite-optimized,sqlite-optimized-dvault,"1 customer, 2 profile states",50% repeat-change history,completed,,1,69.297,69.297,69.297,850744,850744,850744,scenario=customer-profile-history; provider=SQLite local temporary files; baseline=dvault-adddvaultsqlite-optimized; strategyFamily=sqlite-optimized-dvault; executionPath=DVault SQLite optimized path; selectedStrategy=SqliteDataVaultSaveStrategy; hashKeyVariant=sha256-v1-hex; stableHashAlgorithm=sha256-v1; digestBytes=32; hashKeyStorage=HexString; hashKeyPayloadBytes=64,1 customer hub row and 2 profile satellite rows for C-100
customer-profile-bulk-insert-only,SQLite local temporary files,dvault-adddvault-fallback,provider-neutral-dvault-fallback,"100 customers, 1 profile state each",0% repeat-change history,completed,,1,89.011,89.011,89.011,6490616,6490616,6490616,"scenario=customer-profile-bulk-insert-only; provider=SQLite local temporary files; baseline=dvault-adddvault-fallback; strategyFamily=provider-neutral-dvault-fallback; executionPath=DVault provider-neutral fallback path; selectedStrategy=<none>; providerSpecificSaveStrategy=fallback; hashKeyVariant=sha256-v1-hex; stableHashAlgorithm=sha256-v1; digestBytes=32; hashKeyStorage=HexString; hashKeyPayloadBytes=64; saveStrategyStatus=ProviderNeutralFallback; provider=Microsoft.EntityFrameworkCore.Sqlite; selectedStrategy=<none>; candidateStrategies=none; candidates=0; fallbackCauses=NoProviderSpecificStrategyRegistered; requestCount=1; hubOperations=0; linkOperations=0; satelliteOperations=100; nativeBulkGate=clean-context,no-multi-active-satellites,provider-eligible-bulk-request",100 customer hubs and 100 profile satellite rows
customer-profile-bulk-insert-only,SQLite local temporary files,dvault-adddvaultsqlite-optimized,sqlite-optimized-dvault,"100 customers, 1 profile state each",0% repeat-change history,completed,,1,30.671,30.671,30.671,2617416,2617416,2617416,"scenario=customer-profile-bulk-insert-only; provider=SQLite local temporary files; baseline=dvault-adddvaultsqlite-optimized; strategyFamily=sqlite-optimized-dvault; executionPath=DVault SQLite optimized path; selectedStrategy=SqliteDataVaultSaveStrategy; hashKeyVariant=sha256-v1-hex; stableHashAlgorithm=sha256-v1; digestBytes=32; hashKeyStorage=HexString; hashKeyPayloadBytes=64; saveStrategyStatus=ProviderStrategySelected; provider=Microsoft.EntityFrameworkCore.Sqlite; selectedStrategy=SqliteDataVaultSaveStrategy; candidateStrategies=SqliteDataVaultSaveStrategy; candidates=1; fallbackCauses=none; requestCount=1; hubOperations=0; linkOperations=0; satelliteOperations=100; nativeBulkGate=clean-context,no-multi-active-satellites,provider-eligible-bulk-request",100 customer hubs and 100 profile satellite rows
customer-profile-bulk-history,SQLite local temporary files,dvault-adddvault-fallback,provider-neutral-dvault-fallback,"100 customers, 10 profile states each",90% repeat-change history,completed,,1,101.034,101.034,101.034,22265776,22265776,22265776,"scenario=customer-profile-bulk-history; provider=SQLite local temporary files; baseline=dvault-adddvault-fallback; strategyFamily=provider-neutral-dvault-fallback; executionPath=DVault provider-neutral fallback path; selectedStrategy=<none>; providerSpecificSaveStrategy=fallback; hashKeyVariant=sha256-v1-hex; stableHashAlgorithm=sha256-v1; digestBytes=32; hashKeyStorage=HexString; hashKeyPayloadBytes=64; saveStrategyStatus=ProviderNeutralFallback; provider=Microsoft.EntityFrameworkCore.Sqlite; selectedStrategy=<none>; candidateStrategies=none; candidates=0; fallbackCauses=NoProviderSpecificStrategyRegistered; requestCount=10; hubOperations=0; linkOperations=0; satelliteOperations=1000; nativeBulkGate=clean-context,no-multi-active-satellites,provider-eligible-bulk-request",100 customer hubs and 1000 profile satellite rows
customer-profile-bulk-history,SQLite local temporary files,dvault-adddvaultsqlite-optimized,sqlite-optimized-dvault,"100 customers, 10 profile states each",90% repeat-change history,completed,,1,54.339,54.339,54.339,12853032,12853032,12853032,"scenario=customer-profile-bulk-history; provider=SQLite local temporary files; baseline=dvault-adddvaultsqlite-optimized; strategyFamily=sqlite-optimized-dvault; executionPath=DVault SQLite optimized path; selectedStrategy=SqliteDataVaultSaveStrategy; hashKeyVariant=sha256-v1-hex; stableHashAlgorithm=sha256-v1; digestBytes=32; hashKeyStorage=HexString; hashKeyPayloadBytes=64; saveStrategyStatus=ProviderStrategySelected; provider=Microsoft.EntityFrameworkCore.Sqlite; selectedStrategy=SqliteDataVaultSaveStrategy; candidateStrategies=SqliteDataVaultSaveStrategy; candidates=1; fallbackCauses=none; requestCount=10; hubOperations=0; linkOperations=0; satelliteOperations=1000; nativeBulkGate=clean-context,no-multi-active-satellites,provider-eligible-bulk-request",100 customer hubs and 1000 profile satellite rows
customer-profile-streaming-save,SQLite local temporary files,dvault-adddvault-fallback/materialized-explicit-bulk,provider-neutral-dvault-fallback,"20 customers, 60 ordered explicit requests",3 profile events per customer with one unchanged replay,completed,,1,48.112,48.112,48.112,2648344,2648344,2648344,scenario=customer-profile-streaming-save; provider=SQLite local temporary files; baseline=dvault-adddvault-fallback/materialized-explicit-bulk; strategyFamily=provider-neutral-dvault-fallback; executionPath=DVault provider-neutral fallback path; selectedStrategy=<none>; hashKeyVariant=sha256-v1-hex; stableHashAlgorithm=sha256-v1; digestBytes=32; hashKeyStorage=HexString; hashKeyPayloadBytes=64; savePath=IDataVaultSaveService.SaveAsync(BulkRequest); operationKind=BulkRequest; saveStrategyStatus=ProviderNeutralFallback; provider=Microsoft.EntityFrameworkCore.Sqlite; selectedStrategy=<none>; fallbackCauses=NoProviderSpecificStrategyRegistered; requestCount=60; hubOperations=20; linkOperations=0; satelliteOperations=60; rowsWritten=60; savedRecordCount=80; chunkBoundary=materialized ordered request set; chunkSize=materialized; chunkCount=0; processedChunkCount=0; retainedStateHighWater=0; chunkedFallbackCauses=none; unsupportedShapes=none,20 customer hubs and 40 profile satellite rows from 60 materialized explicit requests
customer-profile-streaming-save,SQLite local temporary files,dvault-adddvault-fallback/chunked-save-bounded-10,provider-neutral-dvault-fallback,"20 customers, 60 ordered explicit requests",3 profile events per customer with one unchanged replay,completed,,1,73.680,73.680,73.680,2751696,2751696,2751696,scenario=customer-profile-streaming-save; provider=SQLite local temporary files; baseline=dvault-adddvault-fallback/chunked-save-bounded-10; strategyFamily=provider-neutral-dvault-fallback; executionPath=DVault provider-neutral fallback path; selectedStrategy=<none>; hashKeyVariant=sha256-v1-hex; stableHashAlgorithm=sha256-v1; digestBytes=32; hashKeyStorage=HexString; hashKeyPayloadBytes=64; savePath=IDataVaultSaveService.SaveAsync(ChunkedRequest); operationKind=ChunkedRequest; saveStrategyStatus=ProviderNeutralFallback; provider=Microsoft.EntityFrameworkCore.Sqlite; selectedStrategy=<none>; fallbackCauses=NoProviderSpecificStrategyRegistered; requestCount=60; hubOperations=20; linkOperations=0; satelliteOperations=60; rowsWritten=60; savedRecordCount=80; chunkBoundary=bounded request chunks; chunkSize=10; chunkCount=6; processedChunkCount=6; retainedStateHighWater=20; chunkedFallbackCauses=none; unsupportedShapes=none,20 customer hubs and 40 profile satellite rows from 60 explicit requests across 6 chunks of 10
customer-profile-streaming-save,SQLite local temporary files,dvault-adddvault-fallback/async-source-bounded-10,provider-neutral-dvault-fallback,"20 customers, 60 ordered explicit requests",3 profile events per customer with one unchanged replay,completed,,1,52.424,52.424,52.424,1925160,1925160,1925160,scenario=customer-profile-streaming-save; provider=SQLite local temporary files; baseline=dvault-adddvault-fallback/async-source-bounded-10; strategyFamily=provider-neutral-dvault-fallback; executionPath=DVault provider-neutral fallback path; selectedStrategy=<none>; hashKeyVariant=sha256-v1-hex; stableHashAlgorithm=sha256-v1; digestBytes=32; hashKeyStorage=HexString; hashKeyPayloadBytes=64; savePath=IDataVaultSaveService.SaveAsync(IAsyncEnumerable<DataVaultSaveChunk>); operationKind=ChunkedRequest; saveStrategyStatus=ProviderNeutralFallback; provider=Microsoft.EntityFrameworkCore.Sqlite; selectedStrategy=<none>; fallbackCauses=NoProviderSpecificStrategyRegistered; requestCount=60; hubOperations=20; linkOperations=0; satelliteOperations=60; rowsWritten=60; savedRecordCount=80; chunkBoundary=async bounded request chunks; chunkSize=10; chunkCount=6; processedChunkCount=6; retainedStateHighWater=20; sourceShape=IAsyncEnumerable<DataVaultSaveChunk>; chunkedFallbackCauses=none; unsupportedShapes=none,20 customer hubs and 40 profile satellite rows from 60 async-streamed explicit requests across 6 chunks of 10
customer-profile-streaming-save,SQLite local temporary files,dvault-adddvault-fallback/chunked-save-bounded-5,provider-neutral-dvault-fallback,"20 customers, 60 ordered explicit requests",3 profile events per customer with one unchanged replay,completed,,1,112.717,112.717,112.717,3753624,3753624,3753624,scenario=customer-profile-streaming-save; provider=SQLite local temporary files; baseline=dvault-adddvault-fallback/chunked-save-bounded-5; strategyFamily=provider-neutral-dvault-fallback; executionPath=DVault provider-neutral fallback path; selectedStrategy=<none>; hashKeyVariant=sha256-v1-hex; stableHashAlgorithm=sha256-v1; digestBytes=32; hashKeyStorage=HexString; hashKeyPayloadBytes=64; savePath=IDataVaultSaveService.SaveAsync(ChunkedRequest); operationKind=ChunkedRequest; saveStrategyStatus=ProviderNeutralFallback; provider=Microsoft.EntityFrameworkCore.Sqlite; selectedStrategy=<none>; fallbackCauses=NoProviderSpecificStrategyRegistered; requestCount=60; hubOperations=20; linkOperations=0; satelliteOperations=60; rowsWritten=60; savedRecordCount=80; chunkBoundary=bounded request chunks; chunkSize=5; chunkCount=12; processedChunkCount=12; retainedStateHighWater=20; chunkedFallbackCauses=none; unsupportedShapes=none,20 customer hubs and 40 profile satellite rows from 60 explicit requests across 12 chunks of 5
order-product-fulfillment-history,SQLite local temporary files,dvault-adddvault-fallback,provider-neutral-dvault-fallback,"1 order-product relationship, 2 fulfillment states",50% repeat-change history,completed,,1,100.045,100.045,100.045,2334240,2334240,2334240,scenario=order-product-fulfillment-history; provider=SQLite local temporary files; baseline=dvault-adddvault-fallback; strategyFamily=provider-neutral-dvault-fallback; executionPath=DVault provider-neutral fallback path; selectedStrategy=<none>; hashKeyVariant=sha256-v1-hex; stableHashAlgorithm=sha256-v1; digestBytes=32; hashKeyStorage=HexString; hashKeyPayloadBytes=64,"1 order hub, 1 product hub, 1 link, and 2 fulfillment satellite rows for O-1000/SKU-COFFEE"
order-product-fulfillment-history,SQLite local temporary files,dvault-adddvaultsqlite-optimized,sqlite-optimized-dvault,"1 order-product relationship, 2 fulfillment states",50% repeat-change history,completed,,1,32.309,32.309,32.309,515976,515976,515976,scenario=order-product-fulfillment-history; provider=SQLite local temporary files; baseline=dvault-adddvaultsqlite-optimized; strategyFamily=sqlite-optimized-dvault; executionPath=DVault SQLite optimized path; selectedStrategy=SqliteDataVaultSaveStrategy; hashKeyVariant=sha256-v1-hex; stableHashAlgorithm=sha256-v1; digestBytes=32; hashKeyStorage=HexString; hashKeyPayloadBytes=64,"1 order hub, 1 product hub, 1 link, and 2 fulfillment satellite rows for O-1000/SKU-COFFEE"
latest-satellite-read,SQLite local temporary files,dvault-adddvault-fallback,provider-neutral-dvault-fallback,"100 customers, 10 profile states each",90% repeat-change history latest read,completed,,1,18.990,18.990,18.990,1760192,1760192,1760192,scenario=latest-satellite-read; provider=SQLite local temporary files; baseline=dvault-adddvault-fallback; strategyFamily=provider-neutral-dvault-fallback; executionPath=DVault provider-neutral fallback path; selectedStrategy=<none>; hashKeyVariant=sha256-v1-hex; stableHashAlgorithm=sha256-v1; digestBytes=32; hashKeyStorage=HexString; hashKeyPayloadBytes=64; readStrategyStatus=ProviderNeutralFallback; provider=Microsoft.EntityFrameworkCore.Sqlite; selectedStrategy=<none>; candidates=0; fallbackCauses=NoProviderSpecificStrategyRegistered; readShape=LatestSatellite; readShapeProviderStatus=ProviderNeutralFallback; readShapeFallbackCauses=NoProviderSpecificStrategyRegistered,100 latest profile satellite rows read from 1000 seeded profile states
latest-satellite-read,SQLite local temporary files,dvault-adddvaultsqlite-optimized,sqlite-optimized-dvault,"100 customers, 10 profile states each",90% repeat-change history latest read,completed,,1,16.707,16.707,16.707,543032,543032,543032,scenario=latest-satellite-read; provider=SQLite local temporary files; baseline=dvault-adddvaultsqlite-optimized; strategyFamily=sqlite-optimized-dvault; executionPath=DVault SQLite optimized latest satellite read path; selectedStrategy=SqliteDataVaultReadStrategy; plannedReadStrategy=SqliteDataVaultReadStrategy; readShape=LatestSatellite; hashKeyVariant=sha256-v1-hex; stableHashAlgorithm=sha256-v1; digestBytes=32; hashKeyStorage=HexString; hashKeyPayloadBytes=64; readStrategyStatus=ProviderStrategySelected; provider=Microsoft.EntityFrameworkCore.Sqlite; selectedStrategy=SqliteDataVaultReadStrategy; candidates=1; fallbackCauses=none; readShape=LatestSatellite; readShapeProviderStatus=ProviderStrategySelected; readShapeFallbackCauses=none,100 latest profile satellite rows read from 1000 seeded profile states
pit-as-of-read,SQLite local temporary files,dvault-adddvault-fallback,provider-neutral-dvault-fallback,"100 customers, 100 PIT rows, 2 satellite segments",as-of read after latest profile/status snapshots,completed,,1,65.230,65.230,65.230,4887744,4887744,4887744,scenario=pit-as-of-read; provider=SQLite local temporary files; baseline=dvault-adddvault-fallback; strategyFamily=provider-neutral-dvault-fallback; executionPath=DVault provider-neutral fallback path; selectedStrategy=<none>; hashKeyVariant=sha256-v1-hex; stableHashAlgorithm=sha256-v1; digestBytes=32; hashKeyStorage=HexString; hashKeyPayloadBytes=64; readStrategyStatus=ProviderNeutralFallback; provider=Microsoft.EntityFrameworkCore.Sqlite; selectedStrategy=<none>; candidates=0; fallbackCauses=NoProviderSpecificStrategyRegistered; readShape=PitAsOf; readShapeProviderStatus=ProviderNeutralFallback; readShapeFallbackCauses=NoProviderSpecificStrategyRegistered,100 PIT as-of rows read across profile and status satellite snapshots
pit-as-of-read,SQLite local temporary files,dvault-adddvaultsqlite-optimized,sqlite-optimized-dvault,"100 customers, 100 PIT rows, 2 satellite segments",as-of read after latest profile/status snapshots,completed,,1,18.839,18.839,18.839,2640064,2640064,2640064,scenario=pit-as-of-read; provider=SQLite local temporary files; baseline=dvault-adddvaultsqlite-optimized; strategyFamily=sqlite-optimized-dvault; executionPath=DVault SQLite optimized PIT read path; selectedStrategy=SqliteDataVaultReadStrategy; plannedReadStrategy=SqliteDataVaultReadStrategy; readShape=PitAsOf; hashKeyVariant=sha256-v1-hex; stableHashAlgorithm=sha256-v1; digestBytes=32; hashKeyStorage=HexString; hashKeyPayloadBytes=64; readStrategyStatus=ProviderStrategySelected; provider=Microsoft.EntityFrameworkCore.Sqlite; selectedStrategy=SqliteDataVaultReadStrategy; candidates=1; fallbackCauses=none; readShape=PitAsOf; readShapeProviderStatus=ProviderStrategySelected; readShapeFallbackCauses=none,100 PIT as-of rows read across profile and status satellite snapshots
bridge-traversal-read,SQLite local temporary files,dvault-adddvault-fallback,provider-neutral-dvault-fallback,1 hierarchy ancestor with 100 descendant bridge rows,maximum depth 3 of 5,completed,,1,13.898,13.898,13.898,377928,377928,377928,scenario=bridge-traversal-read; provider=SQLite local temporary files; baseline=dvault-adddvault-fallback; strategyFamily=provider-neutral-dvault-fallback; executionPath=DVault provider-neutral fallback path; selectedStrategy=<none>; hashKeyVariant=sha256-v1-hex; stableHashAlgorithm=sha256-v1; digestBytes=32; hashKeyStorage=HexString; hashKeyPayloadBytes=64; readStrategyStatus=ProviderNeutralFallback; provider=Microsoft.EntityFrameworkCore.Sqlite; selectedStrategy=<none>; candidates=0; fallbackCauses=NoProviderSpecificStrategyRegistered; readShape=Bridge; readShapeProviderStatus=ProviderNeutralFallback; readShapeFallbackCauses=NoProviderSpecificStrategyRegistered,60 bridge traversal rows read from 100 seeded hierarchy rows
bridge-traversal-read,SQLite local temporary files,dvault-adddvaultsqlite-optimized,sqlite-optimized-dvault,1 hierarchy ancestor with 100 descendant bridge rows,maximum depth 3 of 5,completed,,1,5.499,5.499,5.499,226280,226280,226280,scenario=bridge-traversal-read; provider=SQLite local temporary files; baseline=dvault-adddvaultsqlite-optimized; strategyFamily=sqlite-optimized-dvault; executionPath=DVault SQLite optimized bridge read path; selectedStrategy=SqliteDataVaultReadStrategy; plannedReadStrategy=SqliteDataVaultReadStrategy; readShape=Bridge; hashKeyVariant=sha256-v1-hex; stableHashAlgorithm=sha256-v1; digestBytes=32; hashKeyStorage=HexString; hashKeyPayloadBytes=64; readStrategyStatus=ProviderStrategySelected; provider=Microsoft.EntityFrameworkCore.Sqlite; selectedStrategy=SqliteDataVaultReadStrategy; candidates=1; fallbackCauses=none; readShape=Bridge; readShapeProviderStatus=ProviderStrategySelected; readShapeFallbackCauses=none,60 bridge traversal rows read from 100 seeded hierarchy rows
latest-satellite-lookup-replay,SQLite local temporary files,dvault-adddvaultsqlite-optimized/latest-index-default,sqlite-optimized-dvault,"100 customers, 20 existing profile states each","unchanged replay, current model index",completed,,1,20.061,20.061,20.061,4163504,4163504,4163504,scenario=latest-satellite-lookup-replay; provider=SQLite local temporary files; baseline=dvault-adddvaultsqlite-optimized/latest-index-default; strategyFamily=sqlite-optimized-dvault; executionPath=DVault SQLite optimized path; selectedStrategy=SqliteDataVaultSaveStrategy; hashKeyVariant=sha256-v1-hex; stableHashAlgorithm=sha256-v1; digestBytes=32; hashKeyStorage=HexString; hashKeyPayloadBytes=64,2000 profile satellite rows after unchanged replay latest lookup
latest-satellite-lookup-change,SQLite local temporary files,dvault-adddvaultsqlite-optimized/latest-index-default,sqlite-optimized-dvault,"100 customers, 20 existing profile states each","changed replay, current model index",completed,,1,30.972,30.972,30.972,4521944,4521944,4521944,scenario=latest-satellite-lookup-change; provider=SQLite local temporary files; baseline=dvault-adddvaultsqlite-optimized/latest-index-default; strategyFamily=sqlite-optimized-dvault; executionPath=DVault SQLite optimized path; selectedStrategy=SqliteDataVaultSaveStrategy; hashKeyVariant=sha256-v1-hex; stableHashAlgorithm=sha256-v1; digestBytes=32; hashKeyStorage=HexString; hashKeyPayloadBytes=64,2100 profile satellite rows after changed replay latest lookup
latest-satellite-lookup-replay,SQLite local temporary files,dvault-adddvaultsqlite-optimized/latest-index-parent-desc,sqlite-optimized-dvault,"100 customers, 20 existing profile states each","unchanged replay, parent plus descending timestamp index",completed,,1,21.443,21.443,21.443,4024624,4024624,4024624,scenario=latest-satellite-lookup-replay; provider=SQLite local temporary files; baseline=dvault-adddvaultsqlite-optimized/latest-index-parent-desc; strategyFamily=sqlite-optimized-dvault; executionPath=DVault SQLite optimized path; selectedStrategy=SqliteDataVaultSaveStrategy; hashKeyVariant=sha256-v1-hex; stableHashAlgorithm=sha256-v1; digestBytes=32; hashKeyStorage=HexString; hashKeyPayloadBytes=64,2000 profile satellite rows after unchanged replay latest lookup
latest-satellite-lookup-change,SQLite local temporary files,dvault-adddvaultsqlite-optimized/latest-index-parent-desc,sqlite-optimized-dvault,"100 customers, 20 existing profile states each","changed replay, parent plus descending timestamp index",completed,,1,52.147,52.147,52.147,4521944,4521944,4521944,scenario=latest-satellite-lookup-change; provider=SQLite local temporary files; baseline=dvault-adddvaultsqlite-optimized/latest-index-parent-desc; strategyFamily=sqlite-optimized-dvault; executionPath=DVault SQLite optimized path; selectedStrategy=SqliteDataVaultSaveStrategy; hashKeyVariant=sha256-v1-hex; stableHashAlgorithm=sha256-v1; digestBytes=32; hashKeyStorage=HexString; hashKeyPayloadBytes=64,2100 profile satellite rows after changed replay latest lookup
latest-satellite-lookup-replay,SQLite local temporary files,dvault-adddvaultsqlite-optimized/latest-index-covering,sqlite-optimized-dvault,"100 customers, 20 existing profile states each","unchanged replay, parent plus descending timestamp plus hash-diff index",completed,,1,14.354,14.354,14.354,4024624,4024624,4024624,scenario=latest-satellite-lookup-replay; provider=SQLite local temporary files; baseline=dvault-adddvaultsqlite-optimized/latest-index-covering; strategyFamily=sqlite-optimized-dvault; executionPath=DVault SQLite optimized path; selectedStrategy=SqliteDataVaultSaveStrategy; hashKeyVariant=sha256-v1-hex; stableHashAlgorithm=sha256-v1; digestBytes=32; hashKeyStorage=HexString; hashKeyPayloadBytes=64,2000 profile satellite rows after unchanged replay latest lookup
latest-satellite-lookup-change,SQLite local temporary files,dvault-adddvaultsqlite-optimized/latest-index-covering,sqlite-optimized-dvault,"100 customers, 20 existing profile states each","changed replay, parent plus descending timestamp plus hash-diff index",completed,,1,31.386,31.386,31.386,4521944,4521944,4521944,scenario=latest-satellite-lookup-change; provider=SQLite local temporary files; baseline=dvault-adddvaultsqlite-optimized/latest-index-covering; strategyFamily=sqlite-optimized-dvault; executionPath=DVault SQLite optimized path; selectedStrategy=SqliteDataVaultSaveStrategy; hashKeyVariant=sha256-v1-hex; stableHashAlgorithm=sha256-v1; digestBytes=32; hashKeyStorage=HexString; hashKeyPayloadBytes=64,2100 profile satellite rows after changed replay latest lookup
customer-profile-history,SQLite local temporary files,dvault-adddvault-fallback/sha256-v1-binary,provider-neutral-dvault-fallback,"1 customer, 2 profile states",50% repeat-change history,completed,,1,66.083,66.083,66.083,1408344,1408344,1408344,scenario=customer-profile-history; provider=SQLite local temporary files; baseline=dvault-adddvault-fallback/sha256-v1-binary; strategyFamily=provider-neutral-dvault-fallback; executionPath=DVault provider-neutral fallback path; selectedStrategy=<none>; hashKeyVariant=sha256-v1-binary; stableHashAlgorithm=sha256-v1; digestBytes=32; hashKeyStorage=Binary; hashKeyPayloadBytes=32,1 customer hub row and 2 profile satellite rows for C-100
customer-profile-history,SQLite local temporary files,dvault-adddvaultsqlite-optimized/sha256-v1-binary,sqlite-optimized-dvault,"1 customer, 2 profile states",50% repeat-change history,completed,,1,27.301,27.301,27.301,494296,494296,494296,scenario=customer-profile-history; provider=SQLite local temporary files; baseline=dvault-adddvaultsqlite-optimized/sha256-v1-binary; strategyFamily=sqlite-optimized-dvault; executionPath=DVault SQLite optimized path; selectedStrategy=SqliteDataVaultSaveStrategy; hashKeyVariant=sha256-v1-binary; stableHashAlgorithm=sha256-v1; digestBytes=32; hashKeyStorage=Binary; hashKeyPayloadBytes=32,1 customer hub row and 2 profile satellite rows for C-100
customer-profile-bulk-insert-only,SQLite local temporary files,dvault-adddvault-fallback/sha256-v1-binary,provider-neutral-dvault-fallback,"100 customers, 1 profile state each",0% repeat-change history,completed,,1,85.763,85.763,85.763,6728488,6728488,6728488,"scenario=customer-profile-bulk-insert-only; provider=SQLite local temporary files; baseline=dvault-adddvault-fallback/sha256-v1-binary; strategyFamily=provider-neutral-dvault-fallback; executionPath=DVault provider-neutral fallback path; selectedStrategy=<none>; providerSpecificSaveStrategy=fallback; hashKeyVariant=sha256-v1-binary; stableHashAlgorithm=sha256-v1; digestBytes=32; hashKeyStorage=Binary; hashKeyPayloadBytes=32; saveStrategyStatus=ProviderNeutralFallback; provider=Microsoft.EntityFrameworkCore.Sqlite; selectedStrategy=<none>; candidateStrategies=none; candidates=0; fallbackCauses=NoProviderSpecificStrategyRegistered; requestCount=1; hubOperations=0; linkOperations=0; satelliteOperations=100; nativeBulkGate=clean-context,no-multi-active-satellites,provider-eligible-bulk-request",100 customer hubs and 100 profile satellite rows
customer-profile-bulk-insert-only,SQLite local temporary files,dvault-adddvaultsqlite-optimized/sha256-v1-binary,sqlite-optimized-dvault,"100 customers, 1 profile state each",0% repeat-change history,completed,,1,24.357,24.357,24.357,2666816,2666816,2666816,"scenario=customer-profile-bulk-insert-only; provider=SQLite local temporary files; baseline=dvault-adddvaultsqlite-optimized/sha256-v1-binary; strategyFamily=sqlite-optimized-dvault; executionPath=DVault SQLite optimized path; selectedStrategy=SqliteDataVaultSaveStrategy; hashKeyVariant=sha256-v1-binary; stableHashAlgorithm=sha256-v1; digestBytes=32; hashKeyStorage=Binary; hashKeyPayloadBytes=32; saveStrategyStatus=ProviderStrategySelected; provider=Microsoft.EntityFrameworkCore.Sqlite; selectedStrategy=SqliteDataVaultSaveStrategy; candidateStrategies=SqliteDataVaultSaveStrategy; candidates=1; fallbackCauses=none; requestCount=1; hubOperations=0; linkOperations=0; satelliteOperations=100; nativeBulkGate=clean-context,no-multi-active-satellites,provider-eligible-bulk-request",100 customer hubs and 100 profile satellite rows
customer-profile-bulk-history,SQLite local temporary files,dvault-adddvault-fallback/sha256-v1-binary,provider-neutral-dvault-fallback,"100 customers, 10 profile states each",90% repeat-change history,completed,,1,130.523,130.523,130.523,22384128,22384128,22384128,"scenario=customer-profile-bulk-history; provider=SQLite local temporary files; baseline=dvault-adddvault-fallback/sha256-v1-binary; strategyFamily=provider-neutral-dvault-fallback; executionPath=DVault provider-neutral fallback path; selectedStrategy=<none>; providerSpecificSaveStrategy=fallback; hashKeyVariant=sha256-v1-binary; stableHashAlgorithm=sha256-v1; digestBytes=32; hashKeyStorage=Binary; hashKeyPayloadBytes=32; saveStrategyStatus=ProviderNeutralFallback; provider=Microsoft.EntityFrameworkCore.Sqlite; selectedStrategy=<none>; candidateStrategies=none; candidates=0; fallbackCauses=NoProviderSpecificStrategyRegistered; requestCount=10; hubOperations=0; linkOperations=0; satelliteOperations=1000; nativeBulkGate=clean-context,no-multi-active-satellites,provider-eligible-bulk-request",100 customer hubs and 1000 profile satellite rows
customer-profile-bulk-history,SQLite local temporary files,dvault-adddvaultsqlite-optimized/sha256-v1-binary,sqlite-optimized-dvault,"100 customers, 10 profile states each",90% repeat-change history,completed,,1,67.463,67.463,67.463,12914952,12914952,12914952,"scenario=customer-profile-bulk-history; provider=SQLite local temporary files; baseline=dvault-adddvaultsqlite-optimized/sha256-v1-binary; strategyFamily=sqlite-optimized-dvault; executionPath=DVault SQLite optimized path; selectedStrategy=SqliteDataVaultSaveStrategy; hashKeyVariant=sha256-v1-binary; stableHashAlgorithm=sha256-v1; digestBytes=32; hashKeyStorage=Binary; hashKeyPayloadBytes=32; saveStrategyStatus=ProviderStrategySelected; provider=Microsoft.EntityFrameworkCore.Sqlite; selectedStrategy=SqliteDataVaultSaveStrategy; candidateStrategies=SqliteDataVaultSaveStrategy; candidates=1; fallbackCauses=none; requestCount=10; hubOperations=0; linkOperations=0; satelliteOperations=1000; nativeBulkGate=clean-context,no-multi-active-satellites,provider-eligible-bulk-request",100 customer hubs and 1000 profile satellite rows
customer-profile-streaming-save,SQLite local temporary files,dvault-adddvault-fallback/sha256-v1-binary/materialized-explicit-bulk,provider-neutral-dvault-fallback,"20 customers, 60 ordered explicit requests",3 profile events per customer with one unchanged replay,completed,,1,50.993,50.993,50.993,2768712,2768712,2768712,scenario=customer-profile-streaming-save; provider=SQLite local temporary files; baseline=dvault-adddvault-fallback/sha256-v1-binary/materialized-explicit-bulk; strategyFamily=provider-neutral-dvault-fallback; executionPath=DVault provider-neutral fallback path; selectedStrategy=<none>; hashKeyVariant=sha256-v1-binary; stableHashAlgorithm=sha256-v1; digestBytes=32; hashKeyStorage=Binary; hashKeyPayloadBytes=32; savePath=IDataVaultSaveService.SaveAsync(BulkRequest); operationKind=BulkRequest; saveStrategyStatus=ProviderNeutralFallback; provider=Microsoft.EntityFrameworkCore.Sqlite; selectedStrategy=<none>; fallbackCauses=NoProviderSpecificStrategyRegistered; requestCount=60; hubOperations=20; linkOperations=0; satelliteOperations=60; rowsWritten=60; savedRecordCount=80; chunkBoundary=materialized ordered request set; chunkSize=materialized; chunkCount=0; processedChunkCount=0; retainedStateHighWater=0; chunkedFallbackCauses=none; unsupportedShapes=none,20 customer hubs and 40 profile satellite rows from 60 materialized explicit requests
customer-profile-streaming-save,SQLite local temporary files,dvault-adddvault-fallback/sha256-v1-binary/chunked-save-bounded-10,provider-neutral-dvault-fallback,"20 customers, 60 ordered explicit requests",3 profile events per customer with one unchanged replay,completed,,1,58.482,58.482,58.482,2889464,2889464,2889464,scenario=customer-profile-streaming-save; provider=SQLite local temporary files; baseline=dvault-adddvault-fallback/sha256-v1-binary/chunked-save-bounded-10; strategyFamily=provider-neutral-dvault-fallback; executionPath=DVault provider-neutral fallback path; selectedStrategy=<none>; hashKeyVariant=sha256-v1-binary; stableHashAlgorithm=sha256-v1; digestBytes=32; hashKeyStorage=Binary; hashKeyPayloadBytes=32; savePath=IDataVaultSaveService.SaveAsync(ChunkedRequest); operationKind=ChunkedRequest; saveStrategyStatus=ProviderNeutralFallback; provider=Microsoft.EntityFrameworkCore.Sqlite; selectedStrategy=<none>; fallbackCauses=NoProviderSpecificStrategyRegistered; requestCount=60; hubOperations=20; linkOperations=0; satelliteOperations=60; rowsWritten=60; savedRecordCount=80; chunkBoundary=bounded request chunks; chunkSize=10; chunkCount=6; processedChunkCount=6; retainedStateHighWater=20; chunkedFallbackCauses=none; unsupportedShapes=none,20 customer hubs and 40 profile satellite rows from 60 explicit requests across 6 chunks of 10
customer-profile-streaming-save,SQLite local temporary files,dvault-adddvault-fallback/sha256-v1-binary/async-source-bounded-10,provider-neutral-dvault-fallback,"20 customers, 60 ordered explicit requests",3 profile events per customer with one unchanged replay,completed,,1,50.094,50.094,50.094,1950048,1950048,1950048,scenario=customer-profile-streaming-save; provider=SQLite local temporary files; baseline=dvault-adddvault-fallback/sha256-v1-binary/async-source-bounded-10; strategyFamily=provider-neutral-dvault-fallback; executionPath=DVault provider-neutral fallback path; selectedStrategy=<none>; hashKeyVariant=sha256-v1-binary; stableHashAlgorithm=sha256-v1; digestBytes=32; hashKeyStorage=Binary; hashKeyPayloadBytes=32; savePath=IDataVaultSaveService.SaveAsync(IAsyncEnumerable<DataVaultSaveChunk>); operationKind=ChunkedRequest; saveStrategyStatus=ProviderNeutralFallback; provider=Microsoft.EntityFrameworkCore.Sqlite; selectedStrategy=<none>; fallbackCauses=NoProviderSpecificStrategyRegistered; requestCount=60; hubOperations=20; linkOperations=0; satelliteOperations=60; rowsWritten=60; savedRecordCount=80; chunkBoundary=async bounded request chunks; chunkSize=10; chunkCount=6; processedChunkCount=6; retainedStateHighWater=20; sourceShape=IAsyncEnumerable<DataVaultSaveChunk>; chunkedFallbackCauses=none; unsupportedShapes=none,20 customer hubs and 40 profile satellite rows from 60 async-streamed explicit requests across 6 chunks of 10
customer-profile-streaming-save,SQLite local temporary files,dvault-adddvault-fallback/sha256-v1-binary/chunked-save-bounded-5,provider-neutral-dvault-fallback,"20 customers, 60 ordered explicit requests",3 profile events per customer with one unchanged replay,completed,,1,107.340,107.340,107.340,3978904,3978904,3978904,scenario=customer-profile-streaming-save; provider=SQLite local temporary files; baseline=dvault-adddvault-fallback/sha256-v1-binary/chunked-save-bounded-5; strategyFamily=provider-neutral-dvault-fallback; executionPath=DVault provider-neutral fallback path; selectedStrategy=<none>; hashKeyVariant=sha256-v1-binary; stableHashAlgorithm=sha256-v1; digestBytes=32; hashKeyStorage=Binary; hashKeyPayloadBytes=32; savePath=IDataVaultSaveService.SaveAsync(ChunkedRequest); operationKind=ChunkedRequest; saveStrategyStatus=ProviderNeutralFallback; provider=Microsoft.EntityFrameworkCore.Sqlite; selectedStrategy=<none>; fallbackCauses=NoProviderSpecificStrategyRegistered; requestCount=60; hubOperations=20; linkOperations=0; satelliteOperations=60; rowsWritten=60; savedRecordCount=80; chunkBoundary=bounded request chunks; chunkSize=5; chunkCount=12; processedChunkCount=12; retainedStateHighWater=20; chunkedFallbackCauses=none; unsupportedShapes=none,20 customer hubs and 40 profile satellite rows from 60 explicit requests across 12 chunks of 5
order-product-fulfillment-history,SQLite local temporary files,dvault-adddvault-fallback/sha256-v1-binary,provider-neutral-dvault-fallback,"1 order-product relationship, 2 fulfillment states",50% repeat-change history,completed,,1,111.162,111.162,111.162,2539664,2539664,2539664,scenario=order-product-fulfillment-history; provider=SQLite local temporary files; baseline=dvault-adddvault-fallback/sha256-v1-binary; strategyFamily=provider-neutral-dvault-fallback; executionPath=DVault provider-neutral fallback path; selectedStrategy=<none>; hashKeyVariant=sha256-v1-binary; stableHashAlgorithm=sha256-v1; digestBytes=32; hashKeyStorage=Binary; hashKeyPayloadBytes=32,"1 order hub, 1 product hub, 1 link, and 2 fulfillment satellite rows for O-1000/SKU-COFFEE"
order-product-fulfillment-history,SQLite local temporary files,dvault-adddvaultsqlite-optimized/sha256-v1-binary,sqlite-optimized-dvault,"1 order-product relationship, 2 fulfillment states",50% repeat-change history,completed,,1,32.090,32.090,32.090,550576,550576,550576,scenario=order-product-fulfillment-history; provider=SQLite local temporary files; baseline=dvault-adddvaultsqlite-optimized/sha256-v1-binary; strategyFamily=sqlite-optimized-dvault; executionPath=DVault SQLite optimized path; selectedStrategy=SqliteDataVaultSaveStrategy; hashKeyVariant=sha256-v1-binary; stableHashAlgorithm=sha256-v1; digestBytes=32; hashKeyStorage=Binary; hashKeyPayloadBytes=32,"1 order hub, 1 product hub, 1 link, and 2 fulfillment satellite rows for O-1000/SKU-COFFEE"
latest-satellite-read,SQLite local temporary files,dvault-adddvault-fallback/sha256-v1-binary,provider-neutral-dvault-fallback,"100 customers, 10 profile states each",90% repeat-change history latest read,completed,,1,11.033,11.033,11.033,2180864,2180864,2180864,scenario=latest-satellite-read; provider=SQLite local temporary files; baseline=dvault-adddvault-fallback/sha256-v1-binary; strategyFamily=provider-neutral-dvault-fallback; executionPath=DVault provider-neutral fallback path; selectedStrategy=<none>; hashKeyVariant=sha256-v1-binary; stableHashAlgorithm=sha256-v1; digestBytes=32; hashKeyStorage=Binary; hashKeyPayloadBytes=32; readStrategyStatus=ProviderNeutralFallback; provider=Microsoft.EntityFrameworkCore.Sqlite; selectedStrategy=<none>; candidates=0; fallbackCauses=NoProviderSpecificStrategyRegistered; readShape=LatestSatellite; readShapeProviderStatus=ProviderNeutralFallback; readShapeFallbackCauses=NoProviderSpecificStrategyRegistered,100 latest profile satellite rows read from 1000 seeded profile states
latest-satellite-read,SQLite local temporary files,dvault-adddvaultsqlite-optimized/sha256-v1-binary,sqlite-optimized-dvault,"100 customers, 10 profile states each",90% repeat-change history latest read,completed,,1,5.585,5.585,5.585,568792,568792,568792,scenario=latest-satellite-read; provider=SQLite local temporary files; baseline=dvault-adddvaultsqlite-optimized/sha256-v1-binary; strategyFamily=sqlite-optimized-dvault; executionPath=DVault SQLite optimized latest satellite read path; selectedStrategy=SqliteDataVaultReadStrategy; plannedReadStrategy=SqliteDataVaultReadStrategy; readShape=LatestSatellite; hashKeyVariant=sha256-v1-binary; stableHashAlgorithm=sha256-v1; digestBytes=32; hashKeyStorage=Binary; hashKeyPayloadBytes=32; readStrategyStatus=ProviderStrategySelected; provider=Microsoft.EntityFrameworkCore.Sqlite; selectedStrategy=SqliteDataVaultReadStrategy; candidates=1; fallbackCauses=none; readShape=LatestSatellite; readShapeProviderStatus=ProviderStrategySelected; readShapeFallbackCauses=none,100 latest profile satellite rows read from 1000 seeded profile states
pit-as-of-read,SQLite local temporary files,dvault-adddvault-fallback/sha256-v1-binary,provider-neutral-dvault-fallback,"100 customers, 100 PIT rows, 2 satellite segments",as-of read after latest profile/status snapshots,completed,,1,38.662,38.662,38.662,5685808,5685808,5685808,scenario=pit-as-of-read; provider=SQLite local temporary files; baseline=dvault-adddvault-fallback/sha256-v1-binary; strategyFamily=provider-neutral-dvault-fallback; executionPath=DVault provider-neutral fallback path; selectedStrategy=<none>; hashKeyVariant=sha256-v1-binary; stableHashAlgorithm=sha256-v1; digestBytes=32; hashKeyStorage=Binary; hashKeyPayloadBytes=32; readStrategyStatus=ProviderNeutralFallback; provider=Microsoft.EntityFrameworkCore.Sqlite; selectedStrategy=<none>; candidates=0; fallbackCauses=NoProviderSpecificStrategyRegistered; readShape=PitAsOf; readShapeProviderStatus=ProviderNeutralFallback; readShapeFallbackCauses=NoProviderSpecificStrategyRegistered,100 PIT as-of rows read across profile and status satellite snapshots
pit-as-of-read,SQLite local temporary files,dvault-adddvaultsqlite-optimized/sha256-v1-binary,sqlite-optimized-dvault,"100 customers, 100 PIT rows, 2 satellite segments",as-of read after latest profile/status snapshots,completed,,1,14.550,14.550,14.550,3124128,3124128,3124128,scenario=pit-as-of-read; provider=SQLite local temporary files; baseline=dvault-adddvaultsqlite-optimized/sha256-v1-binary; strategyFamily=sqlite-optimized-dvault; executionPath=DVault SQLite optimized PIT read path; selectedStrategy=SqliteDataVaultReadStrategy; plannedReadStrategy=SqliteDataVaultReadStrategy; readShape=PitAsOf; hashKeyVariant=sha256-v1-binary; stableHashAlgorithm=sha256-v1; digestBytes=32; hashKeyStorage=Binary; hashKeyPayloadBytes=32; readStrategyStatus=ProviderStrategySelected; provider=Microsoft.EntityFrameworkCore.Sqlite; selectedStrategy=SqliteDataVaultReadStrategy; candidates=1; fallbackCauses=none; readShape=PitAsOf; readShapeProviderStatus=ProviderStrategySelected; readShapeFallbackCauses=none,100 PIT as-of rows read across profile and status satellite snapshots
bridge-traversal-read,SQLite local temporary files,dvault-adddvault-fallback/sha256-v1-binary,provider-neutral-dvault-fallback,1 hierarchy ancestor with 100 descendant bridge rows,maximum depth 3 of 5,completed,,1,8.983,8.983,8.983,459392,459392,459392,scenario=bridge-traversal-read; provider=SQLite local temporary files; baseline=dvault-adddvault-fallback/sha256-v1-binary; strategyFamily=provider-neutral-dvault-fallback; executionPath=DVault provider-neutral fallback path; selectedStrategy=<none>; hashKeyVariant=sha256-v1-binary; stableHashAlgorithm=sha256-v1; digestBytes=32; hashKeyStorage=Binary; hashKeyPayloadBytes=32; readStrategyStatus=ProviderNeutralFallback; provider=Microsoft.EntityFrameworkCore.Sqlite; selectedStrategy=<none>; candidates=0; fallbackCauses=NoProviderSpecificStrategyRegistered; readShape=Bridge; readShapeProviderStatus=ProviderNeutralFallback; readShapeFallbackCauses=NoProviderSpecificStrategyRegistered,60 bridge traversal rows read from 100 seeded hierarchy rows
bridge-traversal-read,SQLite local temporary files,dvault-adddvaultsqlite-optimized/sha256-v1-binary,sqlite-optimized-dvault,1 hierarchy ancestor with 100 descendant bridge rows,maximum depth 3 of 5,completed,,1,2.486,2.486,2.486,251040,251040,251040,scenario=bridge-traversal-read; provider=SQLite local temporary files; baseline=dvault-adddvaultsqlite-optimized/sha256-v1-binary; strategyFamily=sqlite-optimized-dvault; executionPath=DVault SQLite optimized bridge read path; selectedStrategy=SqliteDataVaultReadStrategy; plannedReadStrategy=SqliteDataVaultReadStrategy; readShape=Bridge; hashKeyVariant=sha256-v1-binary; stableHashAlgorithm=sha256-v1; digestBytes=32; hashKeyStorage=Binary; hashKeyPayloadBytes=32; readStrategyStatus=ProviderStrategySelected; provider=Microsoft.EntityFrameworkCore.Sqlite; selectedStrategy=SqliteDataVaultReadStrategy; candidates=1; fallbackCauses=none; readShape=Bridge; readShapeProviderStatus=ProviderStrategySelected; readShapeFallbackCauses=none,60 bridge traversal rows read from 100 seeded hierarchy rows
latest-satellite-lookup-replay,SQLite local temporary files,dvault-adddvaultsqlite-optimized/sha256-v1-binary/latest-index-default,sqlite-optimized-dvault,"100 customers, 20 existing profile states each","unchanged replay, current model index",completed,,1,21.448,21.448,21.448,5069568,5069568,5069568,scenario=latest-satellite-lookup-replay; provider=SQLite local temporary files; baseline=dvault-adddvaultsqlite-optimized/sha256-v1-binary/latest-index-default; strategyFamily=sqlite-optimized-dvault; executionPath=DVault SQLite optimized path; selectedStrategy=SqliteDataVaultSaveStrategy; hashKeyVariant=sha256-v1-binary; stableHashAlgorithm=sha256-v1; digestBytes=32; hashKeyStorage=Binary; hashKeyPayloadBytes=32,2000 profile satellite rows after unchanged replay latest lookup
latest-satellite-lookup-change,SQLite local temporary files,dvault-adddvaultsqlite-optimized/sha256-v1-binary/latest-index-default,sqlite-optimized-dvault,"100 customers, 20 existing profile states each","changed replay, current model index",completed,,1,42.601,42.601,42.601,5406856,5406856,5406856,scenario=latest-satellite-lookup-change; provider=SQLite local temporary files; baseline=dvault-adddvaultsqlite-optimized/sha256-v1-binary/latest-index-default; strategyFamily=sqlite-optimized-dvault; executionPath=DVault SQLite optimized path; selectedStrategy=SqliteDataVaultSaveStrategy; hashKeyVariant=sha256-v1-binary; stableHashAlgorithm=sha256-v1; digestBytes=32; hashKeyStorage=Binary; hashKeyPayloadBytes=32,2100 profile satellite rows after changed replay latest lookup
latest-satellite-lookup-replay,SQLite local temporary files,dvault-adddvaultsqlite-optimized/sha256-v1-binary/latest-index-parent-desc,sqlite-optimized-dvault,"100 customers, 20 existing profile states each","unchanged replay, parent plus descending timestamp index",completed,,1,12.284,12.284,12.284,4897488,4897488,4897488,scenario=latest-satellite-lookup-replay; provider=SQLite local temporary files; baseline=dvault-adddvaultsqlite-optimized/sha256-v1-binary/latest-index-parent-desc; strategyFamily=sqlite-optimized-dvault; executionPath=DVault SQLite optimized path; selectedStrategy=SqliteDataVaultSaveStrategy; hashKeyVariant=sha256-v1-binary; stableHashAlgorithm=sha256-v1; digestBytes=32; hashKeyStorage=Binary; hashKeyPayloadBytes=32,2000 profile satellite rows after unchanged replay latest lookup
latest-satellite-lookup-change,SQLite local temporary files,dvault-adddvaultsqlite-optimized/sha256-v1-binary/latest-index-parent-desc,sqlite-optimized-dvault,"100 customers, 20 existing profile states each","changed replay, parent plus descending timestamp index",completed,,1,41.580,41.580,41.580,5399512,5399512,5399512,scenario=latest-satellite-lookup-change; provider=SQLite local temporary files; baseline=dvault-adddvaultsqlite-optimized/sha256-v1-binary/latest-index-parent-desc; strategyFamily=sqlite-optimized-dvault; executionPath=DVault SQLite optimized path; selectedStrategy=SqliteDataVaultSaveStrategy; hashKeyVariant=sha256-v1-binary; stableHashAlgorithm=sha256-v1; digestBytes=32; hashKeyStorage=Binary; hashKeyPayloadBytes=32,2100 profile satellite rows after changed replay latest lookup
latest-satellite-lookup-replay,SQLite local temporary files,dvault-adddvaultsqlite-optimized/sha256-v1-binary/latest-index-covering,sqlite-optimized-dvault,"100 customers, 20 existing profile states each","unchanged replay, parent plus descending timestamp plus hash-diff index",completed,,1,11.595,11.595,11.595,4897488,4897488,4897488,scenario=latest-satellite-lookup-replay; provider=SQLite local temporary files; baseline=dvault-adddvaultsqlite-optimized/sha256-v1-binary/latest-index-covering; strategyFamily=sqlite-optimized-dvault; executionPath=DVault SQLite optimized path; selectedStrategy=SqliteDataVaultSaveStrategy; hashKeyVariant=sha256-v1-binary; stableHashAlgorithm=sha256-v1; digestBytes=32; hashKeyStorage=Binary; hashKeyPayloadBytes=32,2000 profile satellite rows after unchanged replay latest lookup
latest-satellite-lookup-change,SQLite local temporary files,dvault-adddvaultsqlite-optimized/sha256-v1-binary/latest-index-covering,sqlite-optimized-dvault,"100 customers, 20 existing profile states each","changed replay, parent plus descending timestamp plus hash-diff index",completed,,1,50.591,50.591,50.591,5399512,5399512,5399512,scenario=latest-satellite-lookup-change; provider=SQLite local temporary files; baseline=dvault-adddvaultsqlite-optimized/sha256-v1-binary/latest-index-covering; strategyFamily=sqlite-optimized-dvault; executionPath=DVault SQLite optimized path; selectedStrategy=SqliteDataVaultSaveStrategy; hashKeyVariant=sha256-v1-binary; stableHashAlgorithm=sha256-v1; digestBytes=32; hashKeyStorage=Binary; hashKeyPayloadBytes=32,2100 profile satellite rows after changed replay latest lookup
customer-profile-history,SQLite local temporary files,dvault-adddvault-fallback/sha256-128-v1-hex,provider-neutral-dvault-fallback,"1 customer, 2 profile states",50% repeat-change history,completed,,1,84.838,84.838,84.838,1295016,1295016,1295016,scenario=customer-profile-history; provider=SQLite local temporary files; baseline=dvault-adddvault-fallback/sha256-128-v1-hex; strategyFamily=provider-neutral-dvault-fallback; executionPath=DVault provider-neutral fallback path; selectedStrategy=<none>; hashKeyVariant=sha256-128-v1-hex; stableHashAlgorithm=sha256-128-v1; digestBytes=16; hashKeyStorage=HexString; hashKeyPayloadBytes=32,1 customer hub row and 2 profile satellite rows for C-100
customer-profile-history,SQLite local temporary files,dvault-adddvaultsqlite-optimized/sha256-128-v1-hex,sqlite-optimized-dvault,"1 customer, 2 profile states",50% repeat-change history,completed,,1,24.999,24.999,24.999,449792,449792,449792,scenario=customer-profile-history; provider=SQLite local temporary files; baseline=dvault-adddvaultsqlite-optimized/sha256-128-v1-hex; strategyFamily=sqlite-optimized-dvault; executionPath=DVault SQLite optimized path; selectedStrategy=SqliteDataVaultSaveStrategy; hashKeyVariant=sha256-128-v1-hex; stableHashAlgorithm=sha256-128-v1; digestBytes=16; hashKeyStorage=HexString; hashKeyPayloadBytes=32,1 customer hub row and 2 profile satellite rows for C-100
customer-profile-bulk-insert-only,SQLite local temporary files,dvault-adddvault-fallback/sha256-128-v1-hex,provider-neutral-dvault-fallback,"100 customers, 1 profile state each",0% repeat-change history,completed,,1,86.144,86.144,86.144,6312280,6312280,6312280,"scenario=customer-profile-bulk-insert-only; provider=SQLite local temporary files; baseline=dvault-adddvault-fallback/sha256-128-v1-hex; strategyFamily=provider-neutral-dvault-fallback; executionPath=DVault provider-neutral fallback path; selectedStrategy=<none>; providerSpecificSaveStrategy=fallback; hashKeyVariant=sha256-128-v1-hex; stableHashAlgorithm=sha256-128-v1; digestBytes=16; hashKeyStorage=HexString; hashKeyPayloadBytes=32; saveStrategyStatus=ProviderNeutralFallback; provider=Microsoft.EntityFrameworkCore.Sqlite; selectedStrategy=<none>; candidateStrategies=none; candidates=0; fallbackCauses=NoProviderSpecificStrategyRegistered; requestCount=1; hubOperations=0; linkOperations=0; satelliteOperations=100; nativeBulkGate=clean-context,no-multi-active-satellites,provider-eligible-bulk-request",100 customer hubs and 100 profile satellite rows
customer-profile-bulk-insert-only,SQLite local temporary files,dvault-adddvaultsqlite-optimized/sha256-128-v1-hex,sqlite-optimized-dvault,"100 customers, 1 profile state each",0% repeat-change history,completed,,1,22.065,22.065,22.065,2601160,2601160,2601160,"scenario=customer-profile-bulk-insert-only; provider=SQLite local temporary files; baseline=dvault-adddvaultsqlite-optimized/sha256-128-v1-hex; strategyFamily=sqlite-optimized-dvault; executionPath=DVault SQLite optimized path; selectedStrategy=SqliteDataVaultSaveStrategy; hashKeyVariant=sha256-128-v1-hex; stableHashAlgorithm=sha256-128-v1; digestBytes=16; hashKeyStorage=HexString; hashKeyPayloadBytes=32; saveStrategyStatus=ProviderStrategySelected; provider=Microsoft.EntityFrameworkCore.Sqlite; selectedStrategy=SqliteDataVaultSaveStrategy; candidateStrategies=SqliteDataVaultSaveStrategy; candidates=1; fallbackCauses=none; requestCount=1; hubOperations=0; linkOperations=0; satelliteOperations=100; nativeBulkGate=clean-context,no-multi-active-satellites,provider-eligible-bulk-request",100 customer hubs and 100 profile satellite rows
customer-profile-bulk-history,SQLite local temporary files,dvault-adddvault-fallback/sha256-128-v1-hex,provider-neutral-dvault-fallback,"100 customers, 10 profile states each",90% repeat-change history,completed,,1,177.836,177.836,177.836,21882896,21882896,21882896,"scenario=customer-profile-bulk-history; provider=SQLite local temporary files; baseline=dvault-adddvault-fallback/sha256-128-v1-hex; strategyFamily=provider-neutral-dvault-fallback; executionPath=DVault provider-neutral fallback path; selectedStrategy=<none>; providerSpecificSaveStrategy=fallback; hashKeyVariant=sha256-128-v1-hex; stableHashAlgorithm=sha256-128-v1; digestBytes=16; hashKeyStorage=HexString; hashKeyPayloadBytes=32; saveStrategyStatus=ProviderNeutralFallback; provider=Microsoft.EntityFrameworkCore.Sqlite; selectedStrategy=<none>; candidateStrategies=none; candidates=0; fallbackCauses=NoProviderSpecificStrategyRegistered; requestCount=10; hubOperations=0; linkOperations=0; satelliteOperations=1000; nativeBulkGate=clean-context,no-multi-active-satellites,provider-eligible-bulk-request",100 customer hubs and 1000 profile satellite rows
customer-profile-bulk-history,SQLite local temporary files,dvault-adddvaultsqlite-optimized/sha256-128-v1-hex,sqlite-optimized-dvault,"100 customers, 10 profile states each",90% repeat-change history,completed,,1,157.391,157.391,157.391,12831408,12831408,12831408,"scenario=customer-profile-bulk-history; provider=SQLite local temporary files; baseline=dvault-adddvaultsqlite-optimized/sha256-128-v1-hex; strategyFamily=sqlite-optimized-dvault; executionPath=DVault SQLite optimized path; selectedStrategy=SqliteDataVaultSaveStrategy; hashKeyVariant=sha256-128-v1-hex; stableHashAlgorithm=sha256-128-v1; digestBytes=16; hashKeyStorage=HexString; hashKeyPayloadBytes=32; saveStrategyStatus=ProviderStrategySelected; provider=Microsoft.EntityFrameworkCore.Sqlite; selectedStrategy=SqliteDataVaultSaveStrategy; candidateStrategies=SqliteDataVaultSaveStrategy; candidates=1; fallbackCauses=none; requestCount=10; hubOperations=0; linkOperations=0; satelliteOperations=1000; nativeBulkGate=clean-context,no-multi-active-satellites,provider-eligible-bulk-request",100 customer hubs and 1000 profile satellite rows
customer-profile-streaming-save,SQLite local temporary files,dvault-adddvault-fallback/sha256-128-v1-hex/materialized-explicit-bulk,provider-neutral-dvault-fallback,"20 customers, 60 ordered explicit requests",3 profile events per customer with one unchanged replay,completed,,1,47.645,47.645,47.645,2603952,2603952,2603952,scenario=customer-profile-streaming-save; provider=SQLite local temporary files; baseline=dvault-adddvault-fallback/sha256-128-v1-hex/materialized-explicit-bulk; strategyFamily=provider-neutral-dvault-fallback; executionPath=DVault provider-neutral fallback path; selectedStrategy=<none>; hashKeyVariant=sha256-128-v1-hex; stableHashAlgorithm=sha256-128-v1; digestBytes=16; hashKeyStorage=HexString; hashKeyPayloadBytes=32; savePath=IDataVaultSaveService.SaveAsync(BulkRequest); operationKind=BulkRequest; saveStrategyStatus=ProviderNeutralFallback; provider=Microsoft.EntityFrameworkCore.Sqlite; selectedStrategy=<none>; fallbackCauses=NoProviderSpecificStrategyRegistered; requestCount=60; hubOperations=20; linkOperations=0; satelliteOperations=60; rowsWritten=60; savedRecordCount=80; chunkBoundary=materialized ordered request set; chunkSize=materialized; chunkCount=0; processedChunkCount=0; retainedStateHighWater=0; chunkedFallbackCauses=none; unsupportedShapes=none,20 customer hubs and 40 profile satellite rows from 60 materialized explicit requests
customer-profile-streaming-save,SQLite local temporary files,dvault-adddvault-fallback/sha256-128-v1-hex/chunked-save-bounded-10,provider-neutral-dvault-fallback,"20 customers, 60 ordered explicit requests",3 profile events per customer with one unchanged replay,completed,,1,70.817,70.817,70.817,2671848,2671848,2671848,scenario=customer-profile-streaming-save; provider=SQLite local temporary files; baseline=dvault-adddvault-fallback/sha256-128-v1-hex/chunked-save-bounded-10; strategyFamily=provider-neutral-dvault-fallback; executionPath=DVault provider-neutral fallback path; selectedStrategy=<none>; hashKeyVariant=sha256-128-v1-hex; stableHashAlgorithm=sha256-128-v1; digestBytes=16; hashKeyStorage=HexString; hashKeyPayloadBytes=32; savePath=IDataVaultSaveService.SaveAsync(ChunkedRequest); operationKind=ChunkedRequest; saveStrategyStatus=ProviderNeutralFallback; provider=Microsoft.EntityFrameworkCore.Sqlite; selectedStrategy=<none>; fallbackCauses=NoProviderSpecificStrategyRegistered; requestCount=60; hubOperations=20; linkOperations=0; satelliteOperations=60; rowsWritten=60; savedRecordCount=80; chunkBoundary=bounded request chunks; chunkSize=10; chunkCount=6; processedChunkCount=6; retainedStateHighWater=20; chunkedFallbackCauses=none; unsupportedShapes=none,20 customer hubs and 40 profile satellite rows from 60 explicit requests across 6 chunks of 10
customer-profile-streaming-save,SQLite local temporary files,dvault-adddvault-fallback/sha256-128-v1-hex/async-source-bounded-10,provider-neutral-dvault-fallback,"20 customers, 60 ordered explicit requests",3 profile events per customer with one unchanged replay,completed,,1,40.574,40.574,40.574,1865368,1865368,1865368,scenario=customer-profile-streaming-save; provider=SQLite local temporary files; baseline=dvault-adddvault-fallback/sha256-128-v1-hex/async-source-bounded-10; strategyFamily=provider-neutral-dvault-fallback; executionPath=DVault provider-neutral fallback path; selectedStrategy=<none>; hashKeyVariant=sha256-128-v1-hex; stableHashAlgorithm=sha256-128-v1; digestBytes=16; hashKeyStorage=HexString; hashKeyPayloadBytes=32; savePath=IDataVaultSaveService.SaveAsync(IAsyncEnumerable<DataVaultSaveChunk>); operationKind=ChunkedRequest; saveStrategyStatus=ProviderNeutralFallback; provider=Microsoft.EntityFrameworkCore.Sqlite; selectedStrategy=<none>; fallbackCauses=NoProviderSpecificStrategyRegistered; requestCount=60; hubOperations=20; linkOperations=0; satelliteOperations=60; rowsWritten=60; savedRecordCount=80; chunkBoundary=async bounded request chunks; chunkSize=10; chunkCount=6; processedChunkCount=6; retainedStateHighWater=20; sourceShape=IAsyncEnumerable<DataVaultSaveChunk>; chunkedFallbackCauses=none; unsupportedShapes=none,20 customer hubs and 40 profile satellite rows from 60 async-streamed explicit requests across 6 chunks of 10
customer-profile-streaming-save,SQLite local temporary files,dvault-adddvault-fallback/sha256-128-v1-hex/chunked-save-bounded-5,provider-neutral-dvault-fallback,"20 customers, 60 ordered explicit requests",3 profile events per customer with one unchanged replay,completed,,1,115.499,115.499,115.499,3634568,3634568,3634568,scenario=customer-profile-streaming-save; provider=SQLite local temporary files; baseline=dvault-adddvault-fallback/sha256-128-v1-hex/chunked-save-bounded-5; strategyFamily=provider-neutral-dvault-fallback; executionPath=DVault provider-neutral fallback path; selectedStrategy=<none>; hashKeyVariant=sha256-128-v1-hex; stableHashAlgorithm=sha256-128-v1; digestBytes=16; hashKeyStorage=HexString; hashKeyPayloadBytes=32; savePath=IDataVaultSaveService.SaveAsync(ChunkedRequest); operationKind=ChunkedRequest; saveStrategyStatus=ProviderNeutralFallback; provider=Microsoft.EntityFrameworkCore.Sqlite; selectedStrategy=<none>; fallbackCauses=NoProviderSpecificStrategyRegistered; requestCount=60; hubOperations=20; linkOperations=0; satelliteOperations=60; rowsWritten=60; savedRecordCount=80; chunkBoundary=bounded request chunks; chunkSize=5; chunkCount=12; processedChunkCount=12; retainedStateHighWater=20; chunkedFallbackCauses=none; unsupportedShapes=none,20 customer hubs and 40 profile satellite rows from 60 explicit requests across 12 chunks of 5
order-product-fulfillment-history,SQLite local temporary files,dvault-adddvault-fallback/sha256-128-v1-hex,provider-neutral-dvault-fallback,"1 order-product relationship, 2 fulfillment states",50% repeat-change history,completed,,1,97.700,97.700,97.700,2318888,2318888,2318888,scenario=order-product-fulfillment-history; provider=SQLite local temporary files; baseline=dvault-adddvault-fallback/sha256-128-v1-hex; strategyFamily=provider-neutral-dvault-fallback; executionPath=DVault provider-neutral fallback path; selectedStrategy=<none>; hashKeyVariant=sha256-128-v1-hex; stableHashAlgorithm=sha256-128-v1; digestBytes=16; hashKeyStorage=HexString; hashKeyPayloadBytes=32,"1 order hub, 1 product hub, 1 link, and 2 fulfillment satellite rows for O-1000/SKU-COFFEE"
order-product-fulfillment-history,SQLite local temporary files,dvault-adddvaultsqlite-optimized/sha256-128-v1-hex,sqlite-optimized-dvault,"1 order-product relationship, 2 fulfillment states",50% repeat-change history,completed,,1,44.985,44.985,44.985,510064,510064,510064,scenario=order-product-fulfillment-history; provider=SQLite local temporary files; baseline=dvault-adddvaultsqlite-optimized/sha256-128-v1-hex; strategyFamily=sqlite-optimized-dvault; executionPath=DVault SQLite optimized path; selectedStrategy=SqliteDataVaultSaveStrategy; hashKeyVariant=sha256-128-v1-hex; stableHashAlgorithm=sha256-128-v1; digestBytes=16; hashKeyStorage=HexString; hashKeyPayloadBytes=32,"1 order hub, 1 product hub, 1 link, and 2 fulfillment satellite rows for O-1000/SKU-COFFEE"
latest-satellite-read,SQLite local temporary files,dvault-adddvault-fallback/sha256-128-v1-hex,provider-neutral-dvault-fallback,"100 customers, 10 profile states each",90% repeat-change history latest read,completed,,1,6.382,6.382,6.382,1627904,1627904,1627904,scenario=latest-satellite-read; provider=SQLite local temporary files; baseline=dvault-adddvault-fallback/sha256-128-v1-hex; strategyFamily=provider-neutral-dvault-fallback; executionPath=DVault provider-neutral fallback path; selectedStrategy=<none>; hashKeyVariant=sha256-128-v1-hex; stableHashAlgorithm=sha256-128-v1; digestBytes=16; hashKeyStorage=HexString; hashKeyPayloadBytes=32; readStrategyStatus=ProviderNeutralFallback; provider=Microsoft.EntityFrameworkCore.Sqlite; selectedStrategy=<none>; candidates=0; fallbackCauses=NoProviderSpecificStrategyRegistered; readShape=LatestSatellite; readShapeProviderStatus=ProviderNeutralFallback; readShapeFallbackCauses=NoProviderSpecificStrategyRegistered,100 latest profile satellite rows read from 1000 seeded profile states
latest-satellite-read,SQLite local temporary files,dvault-adddvaultsqlite-optimized/sha256-128-v1-hex,sqlite-optimized-dvault,"100 customers, 10 profile states each",90% repeat-change history latest read,completed,,1,5.285,5.285,5.285,488920,488920,488920,scenario=latest-satellite-read; provider=SQLite local temporary files; baseline=dvault-adddvaultsqlite-optimized/sha256-128-v1-hex; strategyFamily=sqlite-optimized-dvault; executionPath=DVault SQLite optimized latest satellite read path; selectedStrategy=SqliteDataVaultReadStrategy; plannedReadStrategy=SqliteDataVaultReadStrategy; readShape=LatestSatellite; hashKeyVariant=sha256-128-v1-hex; stableHashAlgorithm=sha256-128-v1; digestBytes=16; hashKeyStorage=HexString; hashKeyPayloadBytes=32; readStrategyStatus=ProviderStrategySelected; provider=Microsoft.EntityFrameworkCore.Sqlite; selectedStrategy=SqliteDataVaultReadStrategy; candidates=1; fallbackCauses=none; readShape=LatestSatellite; readShapeProviderStatus=ProviderStrategySelected; readShapeFallbackCauses=none,100 latest profile satellite rows read from 1000 seeded profile states
pit-as-of-read,SQLite local temporary files,dvault-adddvault-fallback/sha256-128-v1-hex,provider-neutral-dvault-fallback,"100 customers, 100 PIT rows, 2 satellite segments",as-of read after latest profile/status snapshots,completed,,1,23.651,23.651,23.651,4579584,4579584,4579584,scenario=pit-as-of-read; provider=SQLite local temporary files; baseline=dvault-adddvault-fallback/sha256-128-v1-hex; strategyFamily=provider-neutral-dvault-fallback; executionPath=DVault provider-neutral fallback path; selectedStrategy=<none>; hashKeyVariant=sha256-128-v1-hex; stableHashAlgorithm=sha256-128-v1; digestBytes=16; hashKeyStorage=HexString; hashKeyPayloadBytes=32; readStrategyStatus=ProviderNeutralFallback; provider=Microsoft.EntityFrameworkCore.Sqlite; selectedStrategy=<none>; candidates=0; fallbackCauses=NoProviderSpecificStrategyRegistered; readShape=PitAsOf; readShapeProviderStatus=ProviderNeutralFallback; readShapeFallbackCauses=NoProviderSpecificStrategyRegistered,100 PIT as-of rows read across profile and status satellite snapshots
pit-as-of-read,SQLite local temporary files,dvault-adddvaultsqlite-optimized/sha256-128-v1-hex,sqlite-optimized-dvault,"100 customers, 100 PIT rows, 2 satellite segments",as-of read after latest profile/status snapshots,completed,,1,9.237,9.237,9.237,2451312,2451312,2451312,scenario=pit-as-of-read; provider=SQLite local temporary files; baseline=dvault-adddvaultsqlite-optimized/sha256-128-v1-hex; strategyFamily=sqlite-optimized-dvault; executionPath=DVault SQLite optimized PIT read path; selectedStrategy=SqliteDataVaultReadStrategy; plannedReadStrategy=SqliteDataVaultReadStrategy; readShape=PitAsOf; hashKeyVariant=sha256-128-v1-hex; stableHashAlgorithm=sha256-128-v1; digestBytes=16; hashKeyStorage=HexString; hashKeyPayloadBytes=32; readStrategyStatus=ProviderStrategySelected; provider=Microsoft.EntityFrameworkCore.Sqlite; selectedStrategy=SqliteDataVaultReadStrategy; candidates=1; fallbackCauses=none; readShape=PitAsOf; readShapeProviderStatus=ProviderStrategySelected; readShapeFallbackCauses=none,100 PIT as-of rows read across profile and status satellite snapshots
bridge-traversal-read,SQLite local temporary files,dvault-adddvault-fallback/sha256-128-v1-hex,provider-neutral-dvault-fallback,1 hierarchy ancestor with 100 descendant bridge rows,maximum depth 3 of 5,completed,,1,5.404,5.404,5.404,326968,326968,326968,scenario=bridge-traversal-read; provider=SQLite local temporary files; baseline=dvault-adddvault-fallback/sha256-128-v1-hex; strategyFamily=provider-neutral-dvault-fallback; executionPath=DVault provider-neutral fallback path; selectedStrategy=<none>; hashKeyVariant=sha256-128-v1-hex; stableHashAlgorithm=sha256-128-v1; digestBytes=16; hashKeyStorage=HexString; hashKeyPayloadBytes=32; readStrategyStatus=ProviderNeutralFallback; provider=Microsoft.EntityFrameworkCore.Sqlite; selectedStrategy=<none>; candidates=0; fallbackCauses=NoProviderSpecificStrategyRegistered; readShape=Bridge; readShapeProviderStatus=ProviderNeutralFallback; readShapeFallbackCauses=NoProviderSpecificStrategyRegistered,60 bridge traversal rows read from 100 seeded hierarchy rows
bridge-traversal-read,SQLite local temporary files,dvault-adddvaultsqlite-optimized/sha256-128-v1-hex,sqlite-optimized-dvault,1 hierarchy ancestor with 100 descendant bridge rows,maximum depth 3 of 5,completed,,1,2.155,2.155,2.155,198264,198264,198264,scenario=bridge-traversal-read; provider=SQLite local temporary files; baseline=dvault-adddvaultsqlite-optimized/sha256-128-v1-hex; strategyFamily=sqlite-optimized-dvault; executionPath=DVault SQLite optimized bridge read path; selectedStrategy=SqliteDataVaultReadStrategy; plannedReadStrategy=SqliteDataVaultReadStrategy; readShape=Bridge; hashKeyVariant=sha256-128-v1-hex; stableHashAlgorithm=sha256-128-v1; digestBytes=16; hashKeyStorage=HexString; hashKeyPayloadBytes=32; readStrategyStatus=ProviderStrategySelected; provider=Microsoft.EntityFrameworkCore.Sqlite; selectedStrategy=SqliteDataVaultReadStrategy; candidates=1; fallbackCauses=none; readShape=Bridge; readShapeProviderStatus=ProviderStrategySelected; readShapeFallbackCauses=none,60 bridge traversal rows read from 100 seeded hierarchy rows
latest-satellite-lookup-replay,SQLite local temporary files,dvault-adddvaultsqlite-optimized/sha256-128-v1-hex/latest-index-default,sqlite-optimized-dvault,"100 customers, 20 existing profile states each","unchanged replay, current model index",completed,,1,11.696,11.696,11.696,3853536,3853536,3853536,scenario=latest-satellite-lookup-replay; provider=SQLite local temporary files; baseline=dvault-adddvaultsqlite-optimized/sha256-128-v1-hex/latest-index-default; strategyFamily=sqlite-optimized-dvault; executionPath=DVault SQLite optimized path; selectedStrategy=SqliteDataVaultSaveStrategy; hashKeyVariant=sha256-128-v1-hex; stableHashAlgorithm=sha256-128-v1; digestBytes=16; hashKeyStorage=HexString; hashKeyPayloadBytes=32,2000 profile satellite rows after unchanged replay latest lookup
latest-satellite-lookup-change,SQLite local temporary files,dvault-adddvaultsqlite-optimized/sha256-128-v1-hex/latest-index-default,sqlite-optimized-dvault,"100 customers, 20 existing profile states each","changed replay, current model index",completed,,1,43.657,43.657,43.657,4174328,4174328,4174328,scenario=latest-satellite-lookup-change; provider=SQLite local temporary files; baseline=dvault-adddvaultsqlite-optimized/sha256-128-v1-hex/latest-index-default; strategyFamily=sqlite-optimized-dvault; executionPath=DVault SQLite optimized path; selectedStrategy=SqliteDataVaultSaveStrategy; hashKeyVariant=sha256-128-v1-hex; stableHashAlgorithm=sha256-128-v1; digestBytes=16; hashKeyStorage=HexString; hashKeyPayloadBytes=32,2100 profile satellite rows after changed replay latest lookup
latest-satellite-lookup-replay,SQLite local temporary files,dvault-adddvaultsqlite-optimized/sha256-128-v1-hex/latest-index-parent-desc,sqlite-optimized-dvault,"100 customers, 20 existing profile states each","unchanged replay, parent plus descending timestamp index",completed,,1,8.540,8.540,8.540,3715680,3715680,3715680,scenario=latest-satellite-lookup-replay; provider=SQLite local temporary files; baseline=dvault-adddvaultsqlite-optimized/sha256-128-v1-hex/latest-index-parent-desc; strategyFamily=sqlite-optimized-dvault; executionPath=DVault SQLite optimized path; selectedStrategy=SqliteDataVaultSaveStrategy; hashKeyVariant=sha256-128-v1-hex; stableHashAlgorithm=sha256-128-v1; digestBytes=16; hashKeyStorage=HexString; hashKeyPayloadBytes=32,2000 profile satellite rows after unchanged replay latest lookup
latest-satellite-lookup-change,SQLite local temporary files,dvault-adddvaultsqlite-optimized/sha256-128-v1-hex/latest-index-parent-desc,sqlite-optimized-dvault,"100 customers, 20 existing profile states each","changed replay, parent plus descending timestamp index",completed,,1,42.769,42.769,42.769,4174328,4174328,4174328,scenario=latest-satellite-lookup-change; provider=SQLite local temporary files; baseline=dvault-adddvaultsqlite-optimized/sha256-128-v1-hex/latest-index-parent-desc; strategyFamily=sqlite-optimized-dvault; executionPath=DVault SQLite optimized path; selectedStrategy=SqliteDataVaultSaveStrategy; hashKeyVariant=sha256-128-v1-hex; stableHashAlgorithm=sha256-128-v1; digestBytes=16; hashKeyStorage=HexString; hashKeyPayloadBytes=32,2100 profile satellite rows after changed replay latest lookup
latest-satellite-lookup-replay,SQLite local temporary files,dvault-adddvaultsqlite-optimized/sha256-128-v1-hex/latest-index-covering,sqlite-optimized-dvault,"100 customers, 20 existing profile states each","unchanged replay, parent plus descending timestamp plus hash-diff index",completed,,1,8.186,8.186,8.186,3715680,3715680,3715680,scenario=latest-satellite-lookup-replay; provider=SQLite local temporary files; baseline=dvault-adddvaultsqlite-optimized/sha256-128-v1-hex/latest-index-covering; strategyFamily=sqlite-optimized-dvault; executionPath=DVault SQLite optimized path; selectedStrategy=SqliteDataVaultSaveStrategy; hashKeyVariant=sha256-128-v1-hex; stableHashAlgorithm=sha256-128-v1; digestBytes=16; hashKeyStorage=HexString; hashKeyPayloadBytes=32,2000 profile satellite rows after unchanged replay latest lookup
latest-satellite-lookup-change,SQLite local temporary files,dvault-adddvaultsqlite-optimized/sha256-128-v1-hex/latest-index-covering,sqlite-optimized-dvault,"100 customers, 20 existing profile states each","changed replay, parent plus descending timestamp plus hash-diff index",completed,,1,31.831,31.831,31.831,4174328,4174328,4174328,scenario=latest-satellite-lookup-change; provider=SQLite local temporary files; baseline=dvault-adddvaultsqlite-optimized/sha256-128-v1-hex/latest-index-covering; strategyFamily=sqlite-optimized-dvault; executionPath=DVault SQLite optimized path; selectedStrategy=SqliteDataVaultSaveStrategy; hashKeyVariant=sha256-128-v1-hex; stableHashAlgorithm=sha256-128-v1; digestBytes=16; hashKeyStorage=HexString; hashKeyPayloadBytes=32,2100 profile satellite rows after changed replay latest lookup
customer-profile-history,SQLite local temporary files,dvault-adddvault-fallback/sha256-128-v1-binary,provider-neutral-dvault-fallback,"1 customer, 2 profile states",50% repeat-change history,completed,,1,75.823,75.823,75.823,1385472,1385472,1385472,scenario=customer-profile-history; provider=SQLite local temporary files; baseline=dvault-adddvault-fallback/sha256-128-v1-binary; strategyFamily=provider-neutral-dvault-fallback; executionPath=DVault provider-neutral fallback path; selectedStrategy=<none>; hashKeyVariant=sha256-128-v1-binary; stableHashAlgorithm=sha256-128-v1; digestBytes=16; hashKeyStorage=Binary; hashKeyPayloadBytes=16,1 customer hub row and 2 profile satellite rows for C-100
customer-profile-history,SQLite local temporary files,dvault-adddvaultsqlite-optimized/sha256-128-v1-binary,sqlite-optimized-dvault,"1 customer, 2 profile states",50% repeat-change history,completed,,1,24.883,24.883,24.883,482736,482736,482736,scenario=customer-profile-history; provider=SQLite local temporary files; baseline=dvault-adddvaultsqlite-optimized/sha256-128-v1-binary; strategyFamily=sqlite-optimized-dvault; executionPath=DVault SQLite optimized path; selectedStrategy=SqliteDataVaultSaveStrategy; hashKeyVariant=sha256-128-v1-binary; stableHashAlgorithm=sha256-128-v1; digestBytes=16; hashKeyStorage=Binary; hashKeyPayloadBytes=16,1 customer hub row and 2 profile satellite rows for C-100
customer-profile-bulk-insert-only,SQLite local temporary files,dvault-adddvault-fallback/sha256-128-v1-binary,provider-neutral-dvault-fallback,"100 customers, 1 profile state each",0% repeat-change history,completed,,1,79.948,79.948,79.948,6238368,6238368,6238368,"scenario=customer-profile-bulk-insert-only; provider=SQLite local temporary files; baseline=dvault-adddvault-fallback/sha256-128-v1-binary; strategyFamily=provider-neutral-dvault-fallback; executionPath=DVault provider-neutral fallback path; selectedStrategy=<none>; providerSpecificSaveStrategy=fallback; hashKeyVariant=sha256-128-v1-binary; stableHashAlgorithm=sha256-128-v1; digestBytes=16; hashKeyStorage=Binary; hashKeyPayloadBytes=16; saveStrategyStatus=ProviderNeutralFallback; provider=Microsoft.EntityFrameworkCore.Sqlite; selectedStrategy=<none>; candidateStrategies=none; candidates=0; fallbackCauses=NoProviderSpecificStrategyRegistered; requestCount=1; hubOperations=0; linkOperations=0; satelliteOperations=100; nativeBulkGate=clean-context,no-multi-active-satellites,provider-eligible-bulk-request",100 customer hubs and 100 profile satellite rows
customer-profile-bulk-insert-only,SQLite local temporary files,dvault-adddvaultsqlite-optimized/sha256-128-v1-binary,sqlite-optimized-dvault,"100 customers, 1 profile state each",0% repeat-change history,completed,,1,52.526,52.526,52.526,2492496,2492496,2492496,"scenario=customer-profile-bulk-insert-only; provider=SQLite local temporary files; baseline=dvault-adddvaultsqlite-optimized/sha256-128-v1-binary; strategyFamily=sqlite-optimized-dvault; executionPath=DVault SQLite optimized path; selectedStrategy=SqliteDataVaultSaveStrategy; hashKeyVariant=sha256-128-v1-binary; stableHashAlgorithm=sha256-128-v1; digestBytes=16; hashKeyStorage=Binary; hashKeyPayloadBytes=16; saveStrategyStatus=ProviderStrategySelected; provider=Microsoft.EntityFrameworkCore.Sqlite; selectedStrategy=SqliteDataVaultSaveStrategy; candidateStrategies=SqliteDataVaultSaveStrategy; candidates=1; fallbackCauses=none; requestCount=1; hubOperations=0; linkOperations=0; satelliteOperations=100; nativeBulkGate=clean-context,no-multi-active-satellites,provider-eligible-bulk-request",100 customer hubs and 100 profile satellite rows
customer-profile-bulk-history,SQLite local temporary files,dvault-adddvault-fallback/sha256-128-v1-binary,provider-neutral-dvault-fallback,"100 customers, 10 profile states each",90% repeat-change history,completed,,1,116.733,116.733,116.733,21143064,21143064,21143064,"scenario=customer-profile-bulk-history; provider=SQLite local temporary files; baseline=dvault-adddvault-fallback/sha256-128-v1-binary; strategyFamily=provider-neutral-dvault-fallback; executionPath=DVault provider-neutral fallback path; selectedStrategy=<none>; providerSpecificSaveStrategy=fallback; hashKeyVariant=sha256-128-v1-binary; stableHashAlgorithm=sha256-128-v1; digestBytes=16; hashKeyStorage=Binary; hashKeyPayloadBytes=16; saveStrategyStatus=ProviderNeutralFallback; provider=Microsoft.EntityFrameworkCore.Sqlite; selectedStrategy=<none>; candidateStrategies=none; candidates=0; fallbackCauses=NoProviderSpecificStrategyRegistered; requestCount=10; hubOperations=0; linkOperations=0; satelliteOperations=1000; nativeBulkGate=clean-context,no-multi-active-satellites,provider-eligible-bulk-request",100 customer hubs and 1000 profile satellite rows
customer-profile-bulk-history,SQLite local temporary files,dvault-adddvaultsqlite-optimized/sha256-128-v1-binary,sqlite-optimized-dvault,"100 customers, 10 profile states each",90% repeat-change history,completed,,1,60.929,60.929,60.929,12021688,12021688,12021688,"scenario=customer-profile-bulk-history; provider=SQLite local temporary files; baseline=dvault-adddvaultsqlite-optimized/sha256-128-v1-binary; strategyFamily=sqlite-optimized-dvault; executionPath=DVault SQLite optimized path; selectedStrategy=SqliteDataVaultSaveStrategy; hashKeyVariant=sha256-128-v1-binary; stableHashAlgorithm=sha256-128-v1; digestBytes=16; hashKeyStorage=Binary; hashKeyPayloadBytes=16; saveStrategyStatus=ProviderStrategySelected; provider=Microsoft.EntityFrameworkCore.Sqlite; selectedStrategy=SqliteDataVaultSaveStrategy; candidateStrategies=SqliteDataVaultSaveStrategy; candidates=1; fallbackCauses=none; requestCount=10; hubOperations=0; linkOperations=0; satelliteOperations=1000; nativeBulkGate=clean-context,no-multi-active-satellites,provider-eligible-bulk-request",100 customer hubs and 1000 profile satellite rows
customer-profile-streaming-save,SQLite local temporary files,dvault-adddvault-fallback/sha256-128-v1-binary/materialized-explicit-bulk,provider-neutral-dvault-fallback,"20 customers, 60 ordered explicit requests",3 profile events per customer with one unchanged replay,completed,,1,61.360,61.360,61.360,2643216,2643216,2643216,scenario=customer-profile-streaming-save; provider=SQLite local temporary files; baseline=dvault-adddvault-fallback/sha256-128-v1-binary/materialized-explicit-bulk; strategyFamily=provider-neutral-dvault-fallback; executionPath=DVault provider-neutral fallback path; selectedStrategy=<none>; hashKeyVariant=sha256-128-v1-binary; stableHashAlgorithm=sha256-128-v1; digestBytes=16; hashKeyStorage=Binary; hashKeyPayloadBytes=16; savePath=IDataVaultSaveService.SaveAsync(BulkRequest); operationKind=BulkRequest; saveStrategyStatus=ProviderNeutralFallback; provider=Microsoft.EntityFrameworkCore.Sqlite; selectedStrategy=<none>; fallbackCauses=NoProviderSpecificStrategyRegistered; requestCount=60; hubOperations=20; linkOperations=0; satelliteOperations=60; rowsWritten=60; savedRecordCount=80; chunkBoundary=materialized ordered request set; chunkSize=materialized; chunkCount=0; processedChunkCount=0; retainedStateHighWater=0; chunkedFallbackCauses=none; unsupportedShapes=none,20 customer hubs and 40 profile satellite rows from 60 materialized explicit requests
customer-profile-streaming-save,SQLite local temporary files,dvault-adddvault-fallback/sha256-128-v1-binary/chunked-save-bounded-10,provider-neutral-dvault-fallback,"20 customers, 60 ordered explicit requests",3 profile events per customer with one unchanged replay,completed,,1,86.906,86.906,86.906,2728360,2728360,2728360,scenario=customer-profile-streaming-save; provider=SQLite local temporary files; baseline=dvault-adddvault-fallback/sha256-128-v1-binary/chunked-save-bounded-10; strategyFamily=provider-neutral-dvault-fallback; executionPath=DVault provider-neutral fallback path; selectedStrategy=<none>; hashKeyVariant=sha256-128-v1-binary; stableHashAlgorithm=sha256-128-v1; digestBytes=16; hashKeyStorage=Binary; hashKeyPayloadBytes=16; savePath=IDataVaultSaveService.SaveAsync(ChunkedRequest); operationKind=ChunkedRequest; saveStrategyStatus=ProviderNeutralFallback; provider=Microsoft.EntityFrameworkCore.Sqlite; selectedStrategy=<none>; fallbackCauses=NoProviderSpecificStrategyRegistered; requestCount=60; hubOperations=20; linkOperations=0; satelliteOperations=60; rowsWritten=60; savedRecordCount=80; chunkBoundary=bounded request chunks; chunkSize=10; chunkCount=6; processedChunkCount=6; retainedStateHighWater=20; chunkedFallbackCauses=none; unsupportedShapes=none,20 customer hubs and 40 profile satellite rows from 60 explicit requests across 6 chunks of 10
customer-profile-streaming-save,SQLite local temporary files,dvault-adddvault-fallback/sha256-128-v1-binary/async-source-bounded-10,provider-neutral-dvault-fallback,"20 customers, 60 ordered explicit requests",3 profile events per customer with one unchanged replay,completed,,1,37.654,37.654,37.654,1831056,1831056,1831056,scenario=customer-profile-streaming-save; provider=SQLite local temporary files; baseline=dvault-adddvault-fallback/sha256-128-v1-binary/async-source-bounded-10; strategyFamily=provider-neutral-dvault-fallback; executionPath=DVault provider-neutral fallback path; selectedStrategy=<none>; hashKeyVariant=sha256-128-v1-binary; stableHashAlgorithm=sha256-128-v1; digestBytes=16; hashKeyStorage=Binary; hashKeyPayloadBytes=16; savePath=IDataVaultSaveService.SaveAsync(IAsyncEnumerable<DataVaultSaveChunk>); operationKind=ChunkedRequest; saveStrategyStatus=ProviderNeutralFallback; provider=Microsoft.EntityFrameworkCore.Sqlite; selectedStrategy=<none>; fallbackCauses=NoProviderSpecificStrategyRegistered; requestCount=60; hubOperations=20; linkOperations=0; satelliteOperations=60; rowsWritten=60; savedRecordCount=80; chunkBoundary=async bounded request chunks; chunkSize=10; chunkCount=6; processedChunkCount=6; retainedStateHighWater=20; sourceShape=IAsyncEnumerable<DataVaultSaveChunk>; chunkedFallbackCauses=none; unsupportedShapes=none,20 customer hubs and 40 profile satellite rows from 60 async-streamed explicit requests across 6 chunks of 10
customer-profile-streaming-save,SQLite local temporary files,dvault-adddvault-fallback/sha256-128-v1-binary/chunked-save-bounded-5,provider-neutral-dvault-fallback,"20 customers, 60 ordered explicit requests",3 profile events per customer with one unchanged replay,completed,,1,103.421,103.421,103.421,3816832,3816832,3816832,scenario=customer-profile-streaming-save; provider=SQLite local temporary files; baseline=dvault-adddvault-fallback/sha256-128-v1-binary/chunked-save-bounded-5; strategyFamily=provider-neutral-dvault-fallback; executionPath=DVault provider-neutral fallback path; selectedStrategy=<none>; hashKeyVariant=sha256-128-v1-binary; stableHashAlgorithm=sha256-128-v1; digestBytes=16; hashKeyStorage=Binary; hashKeyPayloadBytes=16; savePath=IDataVaultSaveService.SaveAsync(ChunkedRequest); operationKind=ChunkedRequest; saveStrategyStatus=ProviderNeutralFallback; provider=Microsoft.EntityFrameworkCore.Sqlite; selectedStrategy=<none>; fallbackCauses=NoProviderSpecificStrategyRegistered; requestCount=60; hubOperations=20; linkOperations=0; satelliteOperations=60; rowsWritten=60; savedRecordCount=80; chunkBoundary=bounded request chunks; chunkSize=5; chunkCount=12; processedChunkCount=12; retainedStateHighWater=20; chunkedFallbackCauses=none; unsupportedShapes=none,20 customer hubs and 40 profile satellite rows from 60 explicit requests across 12 chunks of 5
order-product-fulfillment-history,SQLite local temporary files,dvault-adddvault-fallback/sha256-128-v1-binary,provider-neutral-dvault-fallback,"1 order-product relationship, 2 fulfillment states",50% repeat-change history,completed,,1,125.502,125.502,125.502,2521112,2521112,2521112,scenario=order-product-fulfillment-history; provider=SQLite local temporary files; baseline=dvault-adddvault-fallback/sha256-128-v1-binary; strategyFamily=provider-neutral-dvault-fallback; executionPath=DVault provider-neutral fallback path; selectedStrategy=<none>; hashKeyVariant=sha256-128-v1-binary; stableHashAlgorithm=sha256-128-v1; digestBytes=16; hashKeyStorage=Binary; hashKeyPayloadBytes=16,"1 order hub, 1 product hub, 1 link, and 2 fulfillment satellite rows for O-1000/SKU-COFFEE"
order-product-fulfillment-history,SQLite local temporary files,dvault-adddvaultsqlite-optimized/sha256-128-v1-binary,sqlite-optimized-dvault,"1 order-product relationship, 2 fulfillment states",50% repeat-change history,completed,,1,77.895,77.895,77.895,541528,541528,541528,scenario=order-product-fulfillment-history; provider=SQLite local temporary files; baseline=dvault-adddvaultsqlite-optimized/sha256-128-v1-binary; strategyFamily=sqlite-optimized-dvault; executionPath=DVault SQLite optimized path; selectedStrategy=SqliteDataVaultSaveStrategy; hashKeyVariant=sha256-128-v1-binary; stableHashAlgorithm=sha256-128-v1; digestBytes=16; hashKeyStorage=Binary; hashKeyPayloadBytes=16,"1 order hub, 1 product hub, 1 link, and 2 fulfillment satellite rows for O-1000/SKU-COFFEE"
latest-satellite-read,SQLite local temporary files,dvault-adddvault-fallback/sha256-128-v1-binary,provider-neutral-dvault-fallback,"100 customers, 10 profile states each",90% repeat-change history latest read,completed,,1,6.022,6.022,6.022,1833096,1833096,1833096,scenario=latest-satellite-read; provider=SQLite local temporary files; baseline=dvault-adddvault-fallback/sha256-128-v1-binary; strategyFamily=provider-neutral-dvault-fallback; executionPath=DVault provider-neutral fallback path; selectedStrategy=<none>; hashKeyVariant=sha256-128-v1-binary; stableHashAlgorithm=sha256-128-v1; digestBytes=16; hashKeyStorage=Binary; hashKeyPayloadBytes=16; readStrategyStatus=ProviderNeutralFallback; provider=Microsoft.EntityFrameworkCore.Sqlite; selectedStrategy=<none>; candidates=0; fallbackCauses=NoProviderSpecificStrategyRegistered; readShape=LatestSatellite; readShapeProviderStatus=ProviderNeutralFallback; readShapeFallbackCauses=NoProviderSpecificStrategyRegistered,100 latest profile satellite rows read from 1000 seeded profile states
latest-satellite-read,SQLite local temporary files,dvault-adddvaultsqlite-optimized/sha256-128-v1-binary,sqlite-optimized-dvault,"100 customers, 10 profile states each",90% repeat-change history latest read,completed,,1,4.644,4.644,4.644,506096,506096,506096,scenario=latest-satellite-read; provider=SQLite local temporary files; baseline=dvault-adddvaultsqlite-optimized/sha256-128-v1-binary; strategyFamily=sqlite-optimized-dvault; executionPath=DVault SQLite optimized latest satellite read path; selectedStrategy=SqliteDataVaultReadStrategy; plannedReadStrategy=SqliteDataVaultReadStrategy; readShape=LatestSatellite; hashKeyVariant=sha256-128-v1-binary; stableHashAlgorithm=sha256-128-v1; digestBytes=16; hashKeyStorage=Binary; hashKeyPayloadBytes=16; readStrategyStatus=ProviderStrategySelected; provider=Microsoft.EntityFrameworkCore.Sqlite; selectedStrategy=SqliteDataVaultReadStrategy; candidates=1; fallbackCauses=none; readShape=LatestSatellite; readShapeProviderStatus=ProviderStrategySelected; readShapeFallbackCauses=none,100 latest profile satellite rows read from 1000 seeded profile states
pit-as-of-read,SQLite local temporary files,dvault-adddvault-fallback/sha256-128-v1-binary,provider-neutral-dvault-fallback,"100 customers, 100 PIT rows, 2 satellite segments",as-of read after latest profile/status snapshots,completed,,1,23.221,23.221,23.221,4957464,4957464,4957464,scenario=pit-as-of-read; provider=SQLite local temporary files; baseline=dvault-adddvault-fallback/sha256-128-v1-binary; strategyFamily=provider-neutral-dvault-fallback; executionPath=DVault provider-neutral fallback path; selectedStrategy=<none>; hashKeyVariant=sha256-128-v1-binary; stableHashAlgorithm=sha256-128-v1; digestBytes=16; hashKeyStorage=Binary; hashKeyPayloadBytes=16; readStrategyStatus=ProviderNeutralFallback; provider=Microsoft.EntityFrameworkCore.Sqlite; selectedStrategy=<none>; candidates=0; fallbackCauses=NoProviderSpecificStrategyRegistered; readShape=PitAsOf; readShapeProviderStatus=ProviderNeutralFallback; readShapeFallbackCauses=NoProviderSpecificStrategyRegistered,100 PIT as-of rows read across profile and status satellite snapshots
pit-as-of-read,SQLite local temporary files,dvault-adddvaultsqlite-optimized/sha256-128-v1-binary,sqlite-optimized-dvault,"100 customers, 100 PIT rows, 2 satellite segments",as-of read after latest profile/status snapshots,completed,,1,8.665,8.665,8.665,2719840,2719840,2719840,scenario=pit-as-of-read; provider=SQLite local temporary files; baseline=dvault-adddvaultsqlite-optimized/sha256-128-v1-binary; strategyFamily=sqlite-optimized-dvault; executionPath=DVault SQLite optimized PIT read path; selectedStrategy=SqliteDataVaultReadStrategy; plannedReadStrategy=SqliteDataVaultReadStrategy; readShape=PitAsOf; hashKeyVariant=sha256-128-v1-binary; stableHashAlgorithm=sha256-128-v1; digestBytes=16; hashKeyStorage=Binary; hashKeyPayloadBytes=16; readStrategyStatus=ProviderStrategySelected; provider=Microsoft.EntityFrameworkCore.Sqlite; selectedStrategy=SqliteDataVaultReadStrategy; candidates=1; fallbackCauses=none; readShape=PitAsOf; readShapeProviderStatus=ProviderStrategySelected; readShapeFallbackCauses=none,100 PIT as-of rows read across profile and status satellite snapshots
bridge-traversal-read,SQLite local temporary files,dvault-adddvault-fallback/sha256-128-v1-binary,provider-neutral-dvault-fallback,1 hierarchy ancestor with 100 descendant bridge rows,maximum depth 3 of 5,completed,,1,7.133,7.133,7.133,413512,413512,413512,scenario=bridge-traversal-read; provider=SQLite local temporary files; baseline=dvault-adddvault-fallback/sha256-128-v1-binary; strategyFamily=provider-neutral-dvault-fallback; executionPath=DVault provider-neutral fallback path; selectedStrategy=<none>; hashKeyVariant=sha256-128-v1-binary; stableHashAlgorithm=sha256-128-v1; digestBytes=16; hashKeyStorage=Binary; hashKeyPayloadBytes=16; readStrategyStatus=ProviderNeutralFallback; provider=Microsoft.EntityFrameworkCore.Sqlite; selectedStrategy=<none>; candidates=0; fallbackCauses=NoProviderSpecificStrategyRegistered; readShape=Bridge; readShapeProviderStatus=ProviderNeutralFallback; readShapeFallbackCauses=NoProviderSpecificStrategyRegistered,60 bridge traversal rows read from 100 seeded hierarchy rows
bridge-traversal-read,SQLite local temporary files,dvault-adddvaultsqlite-optimized/sha256-128-v1-binary,sqlite-optimized-dvault,1 hierarchy ancestor with 100 descendant bridge rows,maximum depth 3 of 5,completed,,1,2.564,2.564,2.564,214320,214320,214320,scenario=bridge-traversal-read; provider=SQLite local temporary files; baseline=dvault-adddvaultsqlite-optimized/sha256-128-v1-binary; strategyFamily=sqlite-optimized-dvault; executionPath=DVault SQLite optimized bridge read path; selectedStrategy=SqliteDataVaultReadStrategy; plannedReadStrategy=SqliteDataVaultReadStrategy; readShape=Bridge; hashKeyVariant=sha256-128-v1-binary; stableHashAlgorithm=sha256-128-v1; digestBytes=16; hashKeyStorage=Binary; hashKeyPayloadBytes=16; readStrategyStatus=ProviderStrategySelected; provider=Microsoft.EntityFrameworkCore.Sqlite; selectedStrategy=SqliteDataVaultReadStrategy; candidates=1; fallbackCauses=none; readShape=Bridge; readShapeProviderStatus=ProviderStrategySelected; readShapeFallbackCauses=none,60 bridge traversal rows read from 100 seeded hierarchy rows
latest-satellite-lookup-replay,SQLite local temporary files,dvault-adddvaultsqlite-optimized/sha256-128-v1-binary/latest-index-default,sqlite-optimized-dvault,"100 customers, 20 existing profile states each","unchanged replay, current model index",completed,,1,17.575,17.575,17.575,4699552,4699552,4699552,scenario=latest-satellite-lookup-replay; provider=SQLite local temporary files; baseline=dvault-adddvaultsqlite-optimized/sha256-128-v1-binary/latest-index-default; strategyFamily=sqlite-optimized-dvault; executionPath=DVault SQLite optimized path; selectedStrategy=SqliteDataVaultSaveStrategy; hashKeyVariant=sha256-128-v1-binary; stableHashAlgorithm=sha256-128-v1; digestBytes=16; hashKeyStorage=Binary; hashKeyPayloadBytes=16,2000 profile satellite rows after unchanged replay latest lookup
latest-satellite-lookup-change,SQLite local temporary files,dvault-adddvaultsqlite-optimized/sha256-128-v1-binary/latest-index-default,sqlite-optimized-dvault,"100 customers, 20 existing profile states each","changed replay, current model index",completed,,1,63.876,63.876,63.876,4719928,4719928,4719928,scenario=latest-satellite-lookup-change; provider=SQLite local temporary files; baseline=dvault-adddvaultsqlite-optimized/sha256-128-v1-binary/latest-index-default; strategyFamily=sqlite-optimized-dvault; executionPath=DVault SQLite optimized path; selectedStrategy=SqliteDataVaultSaveStrategy; hashKeyVariant=sha256-128-v1-binary; stableHashAlgorithm=sha256-128-v1; digestBytes=16; hashKeyStorage=Binary; hashKeyPayloadBytes=16,2100 profile satellite rows after changed replay latest lookup
latest-satellite-lookup-replay,SQLite local temporary files,dvault-adddvaultsqlite-optimized/sha256-128-v1-binary/latest-index-parent-desc,sqlite-optimized-dvault,"100 customers, 20 existing profile states each","unchanged replay, parent plus descending timestamp index",completed,,1,8.433,8.433,8.433,4257280,4257280,4257280,scenario=latest-satellite-lookup-replay; provider=SQLite local temporary files; baseline=dvault-adddvaultsqlite-optimized/sha256-128-v1-binary/latest-index-parent-desc; strategyFamily=sqlite-optimized-dvault; executionPath=DVault SQLite optimized path; selectedStrategy=SqliteDataVaultSaveStrategy; hashKeyVariant=sha256-128-v1-binary; stableHashAlgorithm=sha256-128-v1; digestBytes=16; hashKeyStorage=Binary; hashKeyPayloadBytes=16,2000 profile satellite rows after unchanged replay latest lookup
latest-satellite-lookup-change,SQLite local temporary files,dvault-adddvaultsqlite-optimized/sha256-128-v1-binary/latest-index-parent-desc,sqlite-optimized-dvault,"100 customers, 20 existing profile states each","changed replay, parent plus descending timestamp index",completed,,1,36.227,36.227,36.227,4719928,4719928,4719928,scenario=latest-satellite-lookup-change; provider=SQLite local temporary files; baseline=dvault-adddvaultsqlite-optimized/sha256-128-v1-binary/latest-index-parent-desc; strategyFamily=sqlite-optimized-dvault; executionPath=DVault SQLite optimized path; selectedStrategy=SqliteDataVaultSaveStrategy; hashKeyVariant=sha256-128-v1-binary; stableHashAlgorithm=sha256-128-v1; digestBytes=16; hashKeyStorage=Binary; hashKeyPayloadBytes=16,2100 profile satellite rows after changed replay latest lookup
latest-satellite-lookup-replay,SQLite local temporary files,dvault-adddvaultsqlite-optimized/sha256-128-v1-binary/latest-index-covering,sqlite-optimized-dvault,"100 customers, 20 existing profile states each","unchanged replay, parent plus descending timestamp plus hash-diff index",completed,,1,9.031,9.031,9.031,4257280,4257280,4257280,scenario=latest-satellite-lookup-replay; provider=SQLite local temporary files; baseline=dvault-adddvaultsqlite-optimized/sha256-128-v1-binary/latest-index-covering; strategyFamily=sqlite-optimized-dvault; executionPath=DVault SQLite optimized path; selectedStrategy=SqliteDataVaultSaveStrategy; hashKeyVariant=sha256-128-v1-binary; stableHashAlgorithm=sha256-128-v1; digestBytes=16; hashKeyStorage=Binary; hashKeyPayloadBytes=16,2000 profile satellite rows after unchanged replay latest lookup
latest-satellite-lookup-change,SQLite local temporary files,dvault-adddvaultsqlite-optimized/sha256-128-v1-binary/latest-index-covering,sqlite-optimized-dvault,"100 customers, 20 existing profile states each","changed replay, parent plus descending timestamp plus hash-diff index",completed,,1,21.366,21.366,21.366,4719928,4719928,4719928,scenario=latest-satellite-lookup-change; provider=SQLite local temporary files; baseline=dvault-adddvaultsqlite-optimized/sha256-128-v1-binary/latest-index-covering; strategyFamily=sqlite-optimized-dvault; executionPath=DVault SQLite optimized path; selectedStrategy=SqliteDataVaultSaveStrategy; hashKeyVariant=sha256-128-v1-binary; stableHashAlgorithm=sha256-128-v1; digestBytes=16; hashKeyStorage=Binary; hashKeyPayloadBytes=16,2100 profile satellite rows after changed replay latest lookup
compiled-model-startup,SQLite local temporary files,dvault-design-model,ef-model-build,1 generated order hub row,runtime model precomputed outside measured operation,completed,,1,19.173,19.173,19.173,1068032,1068032,1068032,scenario=compiled-model-startup; provider=SQLite local temporary files; baseline=dvault-design-model; strategyFamily=ef-model-build; executionPath=ordinary EF model-building startup path,1 generated order hub row read through ordinary DVault model building
compiled-model-startup,SQLite local temporary files,dvault-usemodel-runtime-model,ef-usemodel-runtime-model,1 generated order hub row,runtime model precomputed outside measured operation,completed,,1,5.000,5.000,5.000,238320,238320,238320,scenario=compiled-model-startup; provider=SQLite local temporary files; baseline=dvault-usemodel-runtime-model; strategyFamily=ef-usemodel-runtime-model; executionPath=precomputed EF runtime model path,1 generated order hub row read through precomputed UseModel(runtimeModel)
compiled-query-hub-read,SQLite local temporary files,ordinary-ef-query,direct-ef-query,1 generated order hub row,stable shared-type table projection,completed,,1,4.637,4.637,4.637,236184,236184,236184,scenario=compiled-query-hub-read; provider=SQLite local temporary files; baseline=ordinary-ef-query; strategyFamily=direct-ef-query; executionPath=ordinary direct EF query path,1 generated order hub row read through equivalent ordinary EF projection
compiled-query-hub-read,SQLite local temporary files,ef-compilequery,compiled-ef-query,1 generated order hub row,stable shared-type table projection,completed,,1,7.096,7.096,7.096,183872,183872,183872,scenario=compiled-query-hub-read; provider=SQLite local temporary files; baseline=ef-compilequery; strategyFamily=compiled-ef-query; executionPath=EF.CompileQuery path,1 generated order hub row read through EF.CompileQuery stable projection
dbcontext-pooling-dvault-operation,SQLite local temporary files,adddbcontext,non-pooled-dvault-context,1 generated order hub row,fixed metadata source and options-only context,completed,,1,40.379,40.379,40.379,888272,888272,888272,scenario=dbcontext-pooling-dvault-operation; provider=SQLite local temporary files; baseline=adddbcontext; strategyFamily=non-pooled-dvault-context; executionPath=AddDbContext DVault context path,1 generated order hub row saved and read through AddDbContext fixed-model configuration
dbcontext-pooling-dvault-operation,SQLite local temporary files,adddbcontextpool,pooled-dvault-context,1 generated order hub row,fixed metadata source and options-only context,completed,,1,15.600,15.600,15.600,108120,108120,108120,scenario=dbcontext-pooling-dvault-operation; provider=SQLite local temporary files; baseline=adddbcontextpool; strategyFamily=pooled-dvault-context; executionPath=AddDbContextPool DVault context path,1 generated order hub row saved and read through AddDbContextPool fixed-model configuration
provider-native-bulk-ingestion,PostgreSQL external provider,dvault-adddvault-fallback,provider-neutral-dvault-fallback,"20 order-product pairs, 3 fulfillment satellite operations",provider-eligible mixed hub/link/satellite bulk batch with one unchanged replay,completed,,1,172.239,172.239,172.239,4216288,4216288,4216288,"scenario=provider-native-bulk-ingestion; provider=PostgreSQL external provider; baseline=dvault-adddvault-fallback; strategyFamily=provider-neutral-dvault-fallback; executionPath=DVault provider-neutral fallback path; selectedStrategy=<none>; providerSpecificSaveStrategy=fallback; hashKeyVariant=sha256-v1-hex; stableHashAlgorithm=sha256-v1; digestBytes=32; hashKeyStorage=HexString; hashKeyPayloadBytes=64; saveStrategyStatus=ProviderNeutralFallback; provider=Npgsql.EntityFrameworkCore.PostgreSQL; selectedStrategy=<none>; candidateStrategies=none; candidates=0; fallbackCauses=NoProviderSpecificStrategyRegistered; requestCount=5; hubOperations=40; linkOperations=20; satelliteOperations=3; nativeBulkGate=clean-context,no-multi-active-satellites,provider-eligible-bulk-request","20 order hubs, 20 product hubs, 20 order-product links, and 2 fulfillment satellite rows"
provider-native-bulk-ingestion,PostgreSQL external provider,dvault-adddvaultpostgres-direct-or-unnest,postgres-optimized-dvault,"18 order-product pairs, 3 fulfillment satellite operations",staged-ineligible provider-native batch below the 60-operation staged boundary,completed,,1,48.011,48.011,48.011,508376,508376,508376,"scenario=provider-native-bulk-ingestion; provider=PostgreSQL external provider; baseline=dvault-adddvaultpostgres-direct-or-unnest; strategyFamily=postgres-optimized-dvault; executionPath=DVault PostgreSQL retained direct or UNNEST save path; transfer=direct-or-UNNEST; selectedStrategy=PostgresDataVaultSaveStrategy; stagedBulkBoundary=below-60-operations; cleanupBoundary=no-staging-table; hashKeyVariant=sha256-v1-hex; stableHashAlgorithm=sha256-v1; digestBytes=32; hashKeyStorage=HexString; hashKeyPayloadBytes=64; saveStrategyStatus=ProviderStrategySelected; provider=Npgsql.EntityFrameworkCore.PostgreSQL; selectedStrategy=PostgresDataVaultSaveStrategy; candidateStrategies=PostgresDataVaultSaveStrategy; candidates=1; fallbackCauses=none; requestCount=5; hubOperations=36; linkOperations=18; satelliteOperations=3; nativeBulkGate=clean-context,no-multi-active-satellites,provider-eligible-bulk-request; stagedProviderBulkPhase=Declined; stagedProviderBulkCaveat=UnsupportedShape; stagedProviderBulkOperations=57; stagedProviderBulkFallbackCauses=StagedProviderBulkUnsupportedShape","18 order hubs, 18 product hubs, 18 order-product links, and 2 fulfillment satellite rows"
provider-native-bulk-ingestion,PostgreSQL external provider,dvault-adddvaultpostgres-optimized,postgres-optimized-dvault,"20 order-product pairs, 3 fulfillment satellite operations",provider-eligible mixed hub/link/satellite bulk batch with one unchanged replay,completed,,1,185.121,185.121,185.121,602544,602544,602544,"scenario=provider-native-bulk-ingestion; provider=PostgreSQL external provider; baseline=dvault-adddvaultpostgres-optimized; strategyFamily=postgres-optimized-dvault; executionPath=DVault PostgreSQL staged bulk save path; transfer=COPY; selectedStrategy=PostgresDataVaultSaveStrategy; stagedBulkBoundary=60-plus-operations; smallBatchBoundary=direct-or-UNNEST; cleanupBoundary=temporary-staging-table; hashKeyVariant=sha256-v1-hex; stableHashAlgorithm=sha256-v1; digestBytes=32; hashKeyStorage=HexString; hashKeyPayloadBytes=64; saveStrategyStatus=ProviderStrategySelected; provider=Npgsql.EntityFrameworkCore.PostgreSQL; selectedStrategy=PostgresDataVaultSaveStrategy; candidateStrategies=PostgresDataVaultSaveStrategy; candidates=1; fallbackCauses=none; requestCount=5; hubOperations=40; linkOperations=20; satelliteOperations=3; nativeBulkGate=clean-context,no-multi-active-satellites,provider-eligible-bulk-request; stagedProviderBulkPhase=NativeBulkApplication; stagedProviderBulkCaveat=None; stagedProviderBulkOperations=63; stagedProviderBulkFallbackCauses=none","20 order hubs, 20 product hubs, 20 order-product links, and 2 fulfillment satellite rows"
latest-satellite-read,PostgreSQL external provider,dvault-adddvaultpostgres-optimized,postgres-optimized-dvault,"100 customers, 10 profile states each",90% repeat-change history latest read,completed,,1,18.036,18.036,18.036,581656,581656,581656,scenario=latest-satellite-read; provider=PostgreSQL external provider; baseline=dvault-adddvaultpostgres-optimized; strategyFamily=postgres-optimized-dvault; executionPath=DVault PostgreSQL optimized latest satellite read path; selectedStrategy=PostgresDataVaultReadStrategy; plannedReadStrategy=PostgresDataVaultReadStrategy; readShape=LatestSatellite; latestSatelliteSqlShape=windowed-row-number; hashKeyVariant=sha256-v1-hex; stableHashAlgorithm=sha256-v1; digestBytes=32; hashKeyStorage=HexString; hashKeyPayloadBytes=64; readStrategyStatus=ProviderStrategySelected; provider=Npgsql.EntityFrameworkCore.PostgreSQL; selectedStrategy=PostgresDataVaultReadStrategy; candidates=1; fallbackCauses=none; readShape=LatestSatellite; readShapeProviderStatus=ProviderStrategySelected; readShapeFallbackCauses=none,100 latest profile satellite rows read from 1000 seeded profile states
pit-as-of-read,PostgreSQL external provider,dvault-adddvaultpostgres-optimized,postgres-optimized-dvault,"100 customers, 100 PIT rows, 2 satellite segments",as-of read after latest profile/status snapshots,completed,,1,40.616,40.616,40.616,3962592,3962592,3962592,scenario=pit-as-of-read; provider=PostgreSQL external provider; baseline=dvault-adddvaultpostgres-optimized; strategyFamily=postgres-optimized-dvault; executionPath=DVault PostgreSQL optimized PIT read path; selectedStrategy=PostgresDataVaultReadStrategy; plannedReadStrategy=PostgresDataVaultReadStrategy; readShape=PitAsOf; hashKeyVariant=sha256-v1-hex; stableHashAlgorithm=sha256-v1; digestBytes=32; hashKeyStorage=HexString; hashKeyPayloadBytes=64; readStrategyStatus=ProviderStrategySelected; provider=Npgsql.EntityFrameworkCore.PostgreSQL; selectedStrategy=PostgresDataVaultReadStrategy; candidates=1; fallbackCauses=none; readShape=PitAsOf; readShapeProviderStatus=ProviderStrategySelected; readShapeFallbackCauses=none,100 PIT as-of rows read across profile and status satellite snapshots
bridge-traversal-read,PostgreSQL external provider,dvault-adddvaultpostgres-optimized,postgres-optimized-dvault,1 hierarchy ancestor with 100 descendant bridge rows,maximum depth 3 of 5,completed,,1,13.910,13.910,13.910,248296,248296,248296,scenario=bridge-traversal-read; provider=PostgreSQL external provider; baseline=dvault-adddvaultpostgres-optimized; strategyFamily=postgres-optimized-dvault; executionPath=DVault PostgreSQL optimized bridge read path; selectedStrategy=PostgresDataVaultReadStrategy; plannedReadStrategy=PostgresDataVaultReadStrategy; readShape=Bridge; hashKeyVariant=sha256-v1-hex; stableHashAlgorithm=sha256-v1; digestBytes=32; hashKeyStorage=HexString; hashKeyPayloadBytes=64; readStrategyStatus=ProviderStrategySelected; provider=Npgsql.EntityFrameworkCore.PostgreSQL; selectedStrategy=PostgresDataVaultReadStrategy; candidates=1; fallbackCauses=none; readShape=Bridge; readShapeProviderStatus=ProviderStrategySelected; readShapeFallbackCauses=none,60 bridge traversal rows read from 100 seeded hierarchy rows
provider-native-bulk-ingestion,PostgreSQL external provider,dvault-adddvault-fallback/sha256-v1-binary,provider-neutral-dvault-fallback,"20 order-product pairs, 3 fulfillment satellite operations",provider-eligible mixed hub/link/satellite bulk batch with one unchanged replay,completed,,1,103.209,103.209,103.209,4019912,4019912,4019912,"scenario=provider-native-bulk-ingestion; provider=PostgreSQL external provider; baseline=dvault-adddvault-fallback/sha256-v1-binary; strategyFamily=provider-neutral-dvault-fallback; executionPath=DVault provider-neutral fallback path; selectedStrategy=<none>; providerSpecificSaveStrategy=fallback; hashKeyVariant=sha256-v1-binary; stableHashAlgorithm=sha256-v1; digestBytes=32; hashKeyStorage=Binary; hashKeyPayloadBytes=32; saveStrategyStatus=ProviderNeutralFallback; provider=Npgsql.EntityFrameworkCore.PostgreSQL; selectedStrategy=<none>; candidateStrategies=none; candidates=0; fallbackCauses=NoProviderSpecificStrategyRegistered; requestCount=5; hubOperations=40; linkOperations=20; satelliteOperations=3; nativeBulkGate=clean-context,no-multi-active-satellites,provider-eligible-bulk-request","20 order hubs, 20 product hubs, 20 order-product links, and 2 fulfillment satellite rows"
provider-native-bulk-ingestion,PostgreSQL external provider,dvault-adddvaultpostgres-direct-or-unnest/sha256-v1-binary,postgres-optimized-dvault,"18 order-product pairs, 3 fulfillment satellite operations",staged-ineligible provider-native batch below the 60-operation staged boundary,failed,42883: operator does not exist: bytea = text    POSITION: 157,0,,,,,,,scenario=provider-native-bulk-ingestion; provider=PostgreSQL external provider; baseline=dvault-adddvaultpostgres-direct-or-unnest/sha256-v1-binary; strategyFamily=postgres-optimized-dvault; executionPath=DVault PostgreSQL retained direct or UNNEST save path; transfer=direct-or-UNNEST; selectedStrategy=PostgresDataVaultSaveStrategy; stagedBulkBoundary=below-60-operations; cleanupBoundary=no-staging-table; hashKeyVariant=sha256-v1-binary; stableHashAlgorithm=sha256-v1; digestBytes=32; hashKeyStorage=Binary; hashKeyPayloadBytes=32,not executed
provider-native-bulk-ingestion,PostgreSQL external provider,dvault-adddvaultpostgres-optimized/sha256-v1-binary,postgres-optimized-dvault,"20 order-product pairs, 3 fulfillment satellite operations",provider-eligible mixed hub/link/satellite bulk batch with one unchanged replay,failed,42883: operator does not exist: bytea = text    POSITION: 157,0,,,,,,,scenario=provider-native-bulk-ingestion; provider=PostgreSQL external provider; baseline=dvault-adddvaultpostgres-optimized/sha256-v1-binary; strategyFamily=postgres-optimized-dvault; executionPath=DVault PostgreSQL staged bulk save path; transfer=COPY; selectedStrategy=PostgresDataVaultSaveStrategy; stagedBulkBoundary=60-plus-operations; smallBatchBoundary=direct-or-UNNEST; cleanupBoundary=temporary-staging-table; hashKeyVariant=sha256-v1-binary; stableHashAlgorithm=sha256-v1; digestBytes=32; hashKeyStorage=Binary; hashKeyPayloadBytes=32,not executed
latest-satellite-read,PostgreSQL external provider,dvault-adddvaultpostgres-optimized/sha256-v1-binary,postgres-optimized-dvault,"100 customers, 10 profile states each",90% repeat-change history latest read,failed,42883: operator does not exist: bytea = text    POSITION: 137,0,,,,,,,scenario=latest-satellite-read; provider=PostgreSQL external provider; baseline=dvault-adddvaultpostgres-optimized/sha256-v1-binary; strategyFamily=postgres-optimized-dvault; executionPath=DVault PostgreSQL optimized latest satellite read path; selectedStrategy=PostgresDataVaultReadStrategy; plannedReadStrategy=PostgresDataVaultReadStrategy; readShape=LatestSatellite; latestSatelliteSqlShape=windowed-row-number; hashKeyVariant=sha256-v1-binary; stableHashAlgorithm=sha256-v1; digestBytes=32; hashKeyStorage=Binary; hashKeyPayloadBytes=32,not executed
pit-as-of-read,PostgreSQL external provider,dvault-adddvaultpostgres-optimized/sha256-v1-binary,postgres-optimized-dvault,"100 customers, 100 PIT rows, 2 satellite segments",as-of read after latest profile/status snapshots,failed,42883: operator does not exist: bytea = text    POSITION: 137,0,,,,,,,scenario=pit-as-of-read; provider=PostgreSQL external provider; baseline=dvault-adddvaultpostgres-optimized/sha256-v1-binary; strategyFamily=postgres-optimized-dvault; executionPath=DVault PostgreSQL optimized PIT read path; selectedStrategy=PostgresDataVaultReadStrategy; plannedReadStrategy=PostgresDataVaultReadStrategy; readShape=PitAsOf; hashKeyVariant=sha256-v1-binary; stableHashAlgorithm=sha256-v1; digestBytes=32; hashKeyStorage=Binary; hashKeyPayloadBytes=32,not executed
bridge-traversal-read,PostgreSQL external provider,dvault-adddvaultpostgres-optimized/sha256-v1-binary,postgres-optimized-dvault,1 hierarchy ancestor with 100 descendant bridge rows,maximum depth 3 of 5,completed,,1,10.062,10.062,10.062,272672,272672,272672,scenario=bridge-traversal-read; provider=PostgreSQL external provider; baseline=dvault-adddvaultpostgres-optimized/sha256-v1-binary; strategyFamily=postgres-optimized-dvault; executionPath=DVault PostgreSQL optimized bridge read path; selectedStrategy=PostgresDataVaultReadStrategy; plannedReadStrategy=PostgresDataVaultReadStrategy; readShape=Bridge; hashKeyVariant=sha256-v1-binary; stableHashAlgorithm=sha256-v1; digestBytes=32; hashKeyStorage=Binary; hashKeyPayloadBytes=32; readStrategyStatus=ProviderStrategySelected; provider=Npgsql.EntityFrameworkCore.PostgreSQL; selectedStrategy=PostgresDataVaultReadStrategy; candidates=1; fallbackCauses=none; readShape=Bridge; readShapeProviderStatus=ProviderStrategySelected; readShapeFallbackCauses=none,60 bridge traversal rows read from 100 seeded hierarchy rows
provider-native-bulk-ingestion,PostgreSQL external provider,dvault-adddvault-fallback/sha256-128-v1-hex,provider-neutral-dvault-fallback,"20 order-product pairs, 3 fulfillment satellite operations",provider-eligible mixed hub/link/satellite bulk batch with one unchanged replay,completed,,1,101.270,101.270,101.270,3701528,3701528,3701528,"scenario=provider-native-bulk-ingestion; provider=PostgreSQL external provider; baseline=dvault-adddvault-fallback/sha256-128-v1-hex; strategyFamily=provider-neutral-dvault-fallback; executionPath=DVault provider-neutral fallback path; selectedStrategy=<none>; providerSpecificSaveStrategy=fallback; hashKeyVariant=sha256-128-v1-hex; stableHashAlgorithm=sha256-128-v1; digestBytes=16; hashKeyStorage=HexString; hashKeyPayloadBytes=32; saveStrategyStatus=ProviderNeutralFallback; provider=Npgsql.EntityFrameworkCore.PostgreSQL; selectedStrategy=<none>; candidateStrategies=none; candidates=0; fallbackCauses=NoProviderSpecificStrategyRegistered; requestCount=5; hubOperations=40; linkOperations=20; satelliteOperations=3; nativeBulkGate=clean-context,no-multi-active-satellites,provider-eligible-bulk-request","20 order hubs, 20 product hubs, 20 order-product links, and 2 fulfillment satellite rows"
provider-native-bulk-ingestion,PostgreSQL external provider,dvault-adddvaultpostgres-direct-or-unnest/sha256-128-v1-hex,postgres-optimized-dvault,"18 order-product pairs, 3 fulfillment satellite operations",staged-ineligible provider-native batch below the 60-operation staged boundary,completed,,1,15.894,15.894,15.894,490312,490312,490312,"scenario=provider-native-bulk-ingestion; provider=PostgreSQL external provider; baseline=dvault-adddvaultpostgres-direct-or-unnest/sha256-128-v1-hex; strategyFamily=postgres-optimized-dvault; executionPath=DVault PostgreSQL retained direct or UNNEST save path; transfer=direct-or-UNNEST; selectedStrategy=PostgresDataVaultSaveStrategy; stagedBulkBoundary=below-60-operations; cleanupBoundary=no-staging-table; hashKeyVariant=sha256-128-v1-hex; stableHashAlgorithm=sha256-128-v1; digestBytes=16; hashKeyStorage=HexString; hashKeyPayloadBytes=32; saveStrategyStatus=ProviderStrategySelected; provider=Npgsql.EntityFrameworkCore.PostgreSQL; selectedStrategy=PostgresDataVaultSaveStrategy; candidateStrategies=PostgresDataVaultSaveStrategy; candidates=1; fallbackCauses=none; requestCount=5; hubOperations=36; linkOperations=18; satelliteOperations=3; nativeBulkGate=clean-context,no-multi-active-satellites,provider-eligible-bulk-request; stagedProviderBulkPhase=Declined; stagedProviderBulkCaveat=UnsupportedShape; stagedProviderBulkOperations=57; stagedProviderBulkFallbackCauses=StagedProviderBulkUnsupportedShape","18 order hubs, 18 product hubs, 18 order-product links, and 2 fulfillment satellite rows"
provider-native-bulk-ingestion,PostgreSQL external provider,dvault-adddvaultpostgres-optimized/sha256-128-v1-hex,postgres-optimized-dvault,"20 order-product pairs, 3 fulfillment satellite operations",provider-eligible mixed hub/link/satellite bulk batch with one unchanged replay,completed,,1,97.779,97.779,97.779,551256,551256,551256,"scenario=provider-native-bulk-ingestion; provider=PostgreSQL external provider; baseline=dvault-adddvaultpostgres-optimized/sha256-128-v1-hex; strategyFamily=postgres-optimized-dvault; executionPath=DVault PostgreSQL staged bulk save path; transfer=COPY; selectedStrategy=PostgresDataVaultSaveStrategy; stagedBulkBoundary=60-plus-operations; smallBatchBoundary=direct-or-UNNEST; cleanupBoundary=temporary-staging-table; hashKeyVariant=sha256-128-v1-hex; stableHashAlgorithm=sha256-128-v1; digestBytes=16; hashKeyStorage=HexString; hashKeyPayloadBytes=32; saveStrategyStatus=ProviderStrategySelected; provider=Npgsql.EntityFrameworkCore.PostgreSQL; selectedStrategy=PostgresDataVaultSaveStrategy; candidateStrategies=PostgresDataVaultSaveStrategy; candidates=1; fallbackCauses=none; requestCount=5; hubOperations=40; linkOperations=20; satelliteOperations=3; nativeBulkGate=clean-context,no-multi-active-satellites,provider-eligible-bulk-request; stagedProviderBulkPhase=NativeBulkApplication; stagedProviderBulkCaveat=None; stagedProviderBulkOperations=63; stagedProviderBulkFallbackCauses=none","20 order hubs, 20 product hubs, 20 order-product links, and 2 fulfillment satellite rows"
latest-satellite-read,PostgreSQL external provider,dvault-adddvaultpostgres-optimized/sha256-128-v1-hex,postgres-optimized-dvault,"100 customers, 10 profile states each",90% repeat-change history latest read,completed,,1,12.159,12.159,12.159,575832,575832,575832,scenario=latest-satellite-read; provider=PostgreSQL external provider; baseline=dvault-adddvaultpostgres-optimized/sha256-128-v1-hex; strategyFamily=postgres-optimized-dvault; executionPath=DVault PostgreSQL optimized latest satellite read path; selectedStrategy=PostgresDataVaultReadStrategy; plannedReadStrategy=PostgresDataVaultReadStrategy; readShape=LatestSatellite; latestSatelliteSqlShape=windowed-row-number; hashKeyVariant=sha256-128-v1-hex; stableHashAlgorithm=sha256-128-v1; digestBytes=16; hashKeyStorage=HexString; hashKeyPayloadBytes=32; readStrategyStatus=ProviderStrategySelected; provider=Npgsql.EntityFrameworkCore.PostgreSQL; selectedStrategy=PostgresDataVaultReadStrategy; candidates=1; fallbackCauses=none; readShape=LatestSatellite; readShapeProviderStatus=ProviderStrategySelected; readShapeFallbackCauses=none,100 latest profile satellite rows read from 1000 seeded profile states
pit-as-of-read,PostgreSQL external provider,dvault-adddvaultpostgres-optimized/sha256-128-v1-hex,postgres-optimized-dvault,"100 customers, 100 PIT rows, 2 satellite segments",as-of read after latest profile/status snapshots,completed,,1,54.867,54.867,54.867,3752624,3752624,3752624,scenario=pit-as-of-read; provider=PostgreSQL external provider; baseline=dvault-adddvaultpostgres-optimized/sha256-128-v1-hex; strategyFamily=postgres-optimized-dvault; executionPath=DVault PostgreSQL optimized PIT read path; selectedStrategy=PostgresDataVaultReadStrategy; plannedReadStrategy=PostgresDataVaultReadStrategy; readShape=PitAsOf; hashKeyVariant=sha256-128-v1-hex; stableHashAlgorithm=sha256-128-v1; digestBytes=16; hashKeyStorage=HexString; hashKeyPayloadBytes=32; readStrategyStatus=ProviderStrategySelected; provider=Npgsql.EntityFrameworkCore.PostgreSQL; selectedStrategy=PostgresDataVaultReadStrategy; candidates=1; fallbackCauses=none; readShape=PitAsOf; readShapeProviderStatus=ProviderStrategySelected; readShapeFallbackCauses=none,100 PIT as-of rows read across profile and status satellite snapshots
bridge-traversal-read,PostgreSQL external provider,dvault-adddvaultpostgres-optimized/sha256-128-v1-hex,postgres-optimized-dvault,1 hierarchy ancestor with 100 descendant bridge rows,maximum depth 3 of 5,completed,,1,9.486,9.486,9.486,230168,230168,230168,scenario=bridge-traversal-read; provider=PostgreSQL external provider; baseline=dvault-adddvaultpostgres-optimized/sha256-128-v1-hex; strategyFamily=postgres-optimized-dvault; executionPath=DVault PostgreSQL optimized bridge read path; selectedStrategy=PostgresDataVaultReadStrategy; plannedReadStrategy=PostgresDataVaultReadStrategy; readShape=Bridge; hashKeyVariant=sha256-128-v1-hex; stableHashAlgorithm=sha256-128-v1; digestBytes=16; hashKeyStorage=HexString; hashKeyPayloadBytes=32; readStrategyStatus=ProviderStrategySelected; provider=Npgsql.EntityFrameworkCore.PostgreSQL; selectedStrategy=PostgresDataVaultReadStrategy; candidates=1; fallbackCauses=none; readShape=Bridge; readShapeProviderStatus=ProviderStrategySelected; readShapeFallbackCauses=none,60 bridge traversal rows read from 100 seeded hierarchy rows
provider-native-bulk-ingestion,PostgreSQL external provider,dvault-adddvault-fallback/sha256-128-v1-binary,provider-neutral-dvault-fallback,"20 order-product pairs, 3 fulfillment satellite operations",provider-eligible mixed hub/link/satellite bulk batch with one unchanged replay,completed,,1,107.504,107.504,107.504,3939216,3939216,3939216,"scenario=provider-native-bulk-ingestion; provider=PostgreSQL external provider; baseline=dvault-adddvault-fallback/sha256-128-v1-binary; strategyFamily=provider-neutral-dvault-fallback; executionPath=DVault provider-neutral fallback path; selectedStrategy=<none>; providerSpecificSaveStrategy=fallback; hashKeyVariant=sha256-128-v1-binary; stableHashAlgorithm=sha256-128-v1; digestBytes=16; hashKeyStorage=Binary; hashKeyPayloadBytes=16; saveStrategyStatus=ProviderNeutralFallback; provider=Npgsql.EntityFrameworkCore.PostgreSQL; selectedStrategy=<none>; candidateStrategies=none; candidates=0; fallbackCauses=NoProviderSpecificStrategyRegistered; requestCount=5; hubOperations=40; linkOperations=20; satelliteOperations=3; nativeBulkGate=clean-context,no-multi-active-satellites,provider-eligible-bulk-request","20 order hubs, 20 product hubs, 20 order-product links, and 2 fulfillment satellite rows"
provider-native-bulk-ingestion,PostgreSQL external provider,dvault-adddvaultpostgres-direct-or-unnest/sha256-128-v1-binary,postgres-optimized-dvault,"18 order-product pairs, 3 fulfillment satellite operations",staged-ineligible provider-native batch below the 60-operation staged boundary,failed,42883: operator does not exist: bytea = text    POSITION: 157,0,,,,,,,scenario=provider-native-bulk-ingestion; provider=PostgreSQL external provider; baseline=dvault-adddvaultpostgres-direct-or-unnest/sha256-128-v1-binary; strategyFamily=postgres-optimized-dvault; executionPath=DVault PostgreSQL retained direct or UNNEST save path; transfer=direct-or-UNNEST; selectedStrategy=PostgresDataVaultSaveStrategy; stagedBulkBoundary=below-60-operations; cleanupBoundary=no-staging-table; hashKeyVariant=sha256-128-v1-binary; stableHashAlgorithm=sha256-128-v1; digestBytes=16; hashKeyStorage=Binary; hashKeyPayloadBytes=16,not executed
provider-native-bulk-ingestion,PostgreSQL external provider,dvault-adddvaultpostgres-optimized/sha256-128-v1-binary,postgres-optimized-dvault,"20 order-product pairs, 3 fulfillment satellite operations",provider-eligible mixed hub/link/satellite bulk batch with one unchanged replay,failed,42883: operator does not exist: bytea = text    POSITION: 157,0,,,,,,,scenario=provider-native-bulk-ingestion; provider=PostgreSQL external provider; baseline=dvault-adddvaultpostgres-optimized/sha256-128-v1-binary; strategyFamily=postgres-optimized-dvault; executionPath=DVault PostgreSQL staged bulk save path; transfer=COPY; selectedStrategy=PostgresDataVaultSaveStrategy; stagedBulkBoundary=60-plus-operations; smallBatchBoundary=direct-or-UNNEST; cleanupBoundary=temporary-staging-table; hashKeyVariant=sha256-128-v1-binary; stableHashAlgorithm=sha256-128-v1; digestBytes=16; hashKeyStorage=Binary; hashKeyPayloadBytes=16,not executed
latest-satellite-read,PostgreSQL external provider,dvault-adddvaultpostgres-optimized/sha256-128-v1-binary,postgres-optimized-dvault,"100 customers, 10 profile states each",90% repeat-change history latest read,failed,42883: operator does not exist: bytea = text    POSITION: 137,0,,,,,,,scenario=latest-satellite-read; provider=PostgreSQL external provider; baseline=dvault-adddvaultpostgres-optimized/sha256-128-v1-binary; strategyFamily=postgres-optimized-dvault; executionPath=DVault PostgreSQL optimized latest satellite read path; selectedStrategy=PostgresDataVaultReadStrategy; plannedReadStrategy=PostgresDataVaultReadStrategy; readShape=LatestSatellite; latestSatelliteSqlShape=windowed-row-number; hashKeyVariant=sha256-128-v1-binary; stableHashAlgorithm=sha256-128-v1; digestBytes=16; hashKeyStorage=Binary; hashKeyPayloadBytes=16,not executed
pit-as-of-read,PostgreSQL external provider,dvault-adddvaultpostgres-optimized/sha256-128-v1-binary,postgres-optimized-dvault,"100 customers, 100 PIT rows, 2 satellite segments",as-of read after latest profile/status snapshots,failed,42883: operator does not exist: bytea = text    POSITION: 137,0,,,,,,,scenario=pit-as-of-read; provider=PostgreSQL external provider; baseline=dvault-adddvaultpostgres-optimized/sha256-128-v1-binary; strategyFamily=postgres-optimized-dvault; executionPath=DVault PostgreSQL optimized PIT read path; selectedStrategy=PostgresDataVaultReadStrategy; plannedReadStrategy=PostgresDataVaultReadStrategy; readShape=PitAsOf; hashKeyVariant=sha256-128-v1-binary; stableHashAlgorithm=sha256-128-v1; digestBytes=16; hashKeyStorage=Binary; hashKeyPayloadBytes=16,not executed
bridge-traversal-read,PostgreSQL external provider,dvault-adddvaultpostgres-optimized/sha256-128-v1-binary,postgres-optimized-dvault,1 hierarchy ancestor with 100 descendant bridge rows,maximum depth 3 of 5,completed,,1,9.007,9.007,9.007,242064,242064,242064,scenario=bridge-traversal-read; provider=PostgreSQL external provider; baseline=dvault-adddvaultpostgres-optimized/sha256-128-v1-binary; strategyFamily=postgres-optimized-dvault; executionPath=DVault PostgreSQL optimized bridge read path; selectedStrategy=PostgresDataVaultReadStrategy; plannedReadStrategy=PostgresDataVaultReadStrategy; readShape=Bridge; hashKeyVariant=sha256-128-v1-binary; stableHashAlgorithm=sha256-128-v1; digestBytes=16; hashKeyStorage=Binary; hashKeyPayloadBytes=16; readStrategyStatus=ProviderStrategySelected; provider=Npgsql.EntityFrameworkCore.PostgreSQL; selectedStrategy=PostgresDataVaultReadStrategy; candidates=1; fallbackCauses=none; readShape=Bridge; readShapeProviderStatus=ProviderStrategySelected; readShapeFallbackCauses=none,60 bridge traversal rows read from 100 seeded hierarchy rows
provider-native-bulk-ingestion,SQL Server external provider,dvault-adddvault-fallback,provider-neutral-dvault-fallback,"20 order-product pairs, 3 fulfillment satellite operations",provider-eligible mixed hub/link/satellite bulk batch with one unchanged replay,skipped,connection unreachable: A provider connection could not be opened with DVAULT_TEST_SQLSERVER_CONNECTION_STRING. The instance of SQL Server you attempted to connect to requires encryption but this machine does not support it.,0,,,,,,,scenario=provider-native-bulk-ingestion; provider=SQL Server external provider; baseline=dvault-adddvault-fallback; strategyFamily=provider-neutral-dvault-fallback; executionPath=DVault provider-neutral fallback path; selectedStrategy=<none>; comparisonBoundary=staged-eligible-63-operations; hashKeyVariant=sha256-v1-hex; stableHashAlgorithm=sha256-v1; digestBytes=32; hashKeyStorage=HexString; hashKeyPayloadBytes=64,not executed
provider-native-bulk-ingestion,SQL Server external provider,dvault-adddvaultsqlserver-optimized,sqlserver-optimized-dvault,"20 order-product pairs, 3 fulfillment satellite operations",provider-eligible mixed hub/link/satellite bulk batch with one unchanged replay,skipped,connection unreachable: A provider connection could not be opened with DVAULT_TEST_SQLSERVER_CONNECTION_STRING. The instance of SQL Server you attempted to connect to requires encryption but this machine does not support it.,0,,,,,,,scenario=provider-native-bulk-ingestion; provider=SQL Server external provider; baseline=dvault-adddvaultsqlserver-optimized; strategyFamily=sqlserver-optimized-dvault; executionPath=DVault SQL Server staged native bulk save path; transfer=SqlBulkCopy; selectedStrategy=SqlServerDataVaultSaveStrategy; nativeBulkBoundary=50-plus-operations; cleanupBoundary=temporary-staging-table; hashKeyVariant=sha256-v1-hex; stableHashAlgorithm=sha256-v1; digestBytes=32; hashKeyStorage=HexString; hashKeyPayloadBytes=64,not executed
latest-satellite-read,SQL Server external provider,dvault-adddvaultsqlserver-optimized,sqlserver-optimized-dvault,"100 customers, 10 profile states each",90% repeat-change history latest read,skipped,connection unreachable: A provider connection could not be opened with DVAULT_TEST_SQLSERVER_CONNECTION_STRING. The instance of SQL Server you attempted to connect to requires encryption but this machine does not support it.,0,,,,,,,scenario=latest-satellite-read; provider=SQL Server external provider; baseline=dvault-adddvaultsqlserver-optimized; strategyFamily=sqlserver-optimized-dvault; executionPath=DVault SQL Server optimized latest satellite read path; selectedStrategy=SqlServerDataVaultReadStrategy; plannedReadStrategy=SqlServerDataVaultReadStrategy; readShape=LatestSatellite; hashKeyVariant=sha256-v1-hex; stableHashAlgorithm=sha256-v1; digestBytes=32; hashKeyStorage=HexString; hashKeyPayloadBytes=64,not executed
pit-as-of-read,SQL Server external provider,dvault-adddvaultsqlserver-optimized,sqlserver-optimized-dvault,"100 customers, 100 PIT rows, 2 satellite segments",as-of read after latest profile/status snapshots,skipped,connection unreachable: A provider connection could not be opened with DVAULT_TEST_SQLSERVER_CONNECTION_STRING. The instance of SQL Server you attempted to connect to requires encryption but this machine does not support it.,0,,,,,,,scenario=pit-as-of-read; provider=SQL Server external provider; baseline=dvault-adddvaultsqlserver-optimized; strategyFamily=sqlserver-optimized-dvault; executionPath=DVault SQL Server optimized PIT read path; selectedStrategy=SqlServerDataVaultReadStrategy; plannedReadStrategy=SqlServerDataVaultReadStrategy; readShape=PitAsOf; hashKeyVariant=sha256-v1-hex; stableHashAlgorithm=sha256-v1; digestBytes=32; hashKeyStorage=HexString; hashKeyPayloadBytes=64,not executed
bridge-traversal-read,SQL Server external provider,dvault-adddvaultsqlserver-optimized,sqlserver-optimized-dvault,1 hierarchy ancestor with 100 descendant bridge rows,maximum depth 3 of 5,skipped,connection unreachable: A provider connection could not be opened with DVAULT_TEST_SQLSERVER_CONNECTION_STRING. The instance of SQL Server you attempted to connect to requires encryption but this machine does not support it.,0,,,,,,,scenario=bridge-traversal-read; provider=SQL Server external provider; baseline=dvault-adddvaultsqlserver-optimized; strategyFamily=sqlserver-optimized-dvault; executionPath=DVault SQL Server optimized bridge read path; selectedStrategy=SqlServerDataVaultReadStrategy; plannedReadStrategy=SqlServerDataVaultReadStrategy; readShape=Bridge; hashKeyVariant=sha256-v1-hex; stableHashAlgorithm=sha256-v1; digestBytes=32; hashKeyStorage=HexString; hashKeyPayloadBytes=64,not executed
provider-native-bulk-ingestion,SQL Server external provider,dvault-adddvault-fallback/sha256-v1-binary,provider-neutral-dvault-fallback,"20 order-product pairs, 3 fulfillment satellite operations",provider-eligible mixed hub/link/satellite bulk batch with one unchanged replay,skipped,connection unreachable: A provider connection could not be opened with DVAULT_TEST_SQLSERVER_CONNECTION_STRING. The instance of SQL Server you attempted to connect to requires encryption but this machine does not support it.,0,,,,,,,scenario=provider-native-bulk-ingestion; provider=SQL Server external provider; baseline=dvault-adddvault-fallback/sha256-v1-binary; strategyFamily=provider-neutral-dvault-fallback; executionPath=DVault provider-neutral fallback path; selectedStrategy=<none>; comparisonBoundary=staged-eligible-63-operations; hashKeyVariant=sha256-v1-binary; stableHashAlgorithm=sha256-v1; digestBytes=32; hashKeyStorage=Binary; hashKeyPayloadBytes=32,not executed
provider-native-bulk-ingestion,SQL Server external provider,dvault-adddvaultsqlserver-optimized/sha256-v1-binary,sqlserver-optimized-dvault,"20 order-product pairs, 3 fulfillment satellite operations",provider-eligible mixed hub/link/satellite bulk batch with one unchanged replay,skipped,connection unreachable: A provider connection could not be opened with DVAULT_TEST_SQLSERVER_CONNECTION_STRING. The instance of SQL Server you attempted to connect to requires encryption but this machine does not support it.,0,,,,,,,scenario=provider-native-bulk-ingestion; provider=SQL Server external provider; baseline=dvault-adddvaultsqlserver-optimized/sha256-v1-binary; strategyFamily=sqlserver-optimized-dvault; executionPath=DVault SQL Server staged native bulk save path; transfer=SqlBulkCopy; selectedStrategy=SqlServerDataVaultSaveStrategy; nativeBulkBoundary=50-plus-operations; cleanupBoundary=temporary-staging-table; hashKeyVariant=sha256-v1-binary; stableHashAlgorithm=sha256-v1; digestBytes=32; hashKeyStorage=Binary; hashKeyPayloadBytes=32,not executed
latest-satellite-read,SQL Server external provider,dvault-adddvaultsqlserver-optimized/sha256-v1-binary,sqlserver-optimized-dvault,"100 customers, 10 profile states each",90% repeat-change history latest read,skipped,connection unreachable: A provider connection could not be opened with DVAULT_TEST_SQLSERVER_CONNECTION_STRING. The instance of SQL Server you attempted to connect to requires encryption but this machine does not support it.,0,,,,,,,scenario=latest-satellite-read; provider=SQL Server external provider; baseline=dvault-adddvaultsqlserver-optimized/sha256-v1-binary; strategyFamily=sqlserver-optimized-dvault; executionPath=DVault SQL Server optimized latest satellite read path; selectedStrategy=SqlServerDataVaultReadStrategy; plannedReadStrategy=SqlServerDataVaultReadStrategy; readShape=LatestSatellite; hashKeyVariant=sha256-v1-binary; stableHashAlgorithm=sha256-v1; digestBytes=32; hashKeyStorage=Binary; hashKeyPayloadBytes=32,not executed
pit-as-of-read,SQL Server external provider,dvault-adddvaultsqlserver-optimized/sha256-v1-binary,sqlserver-optimized-dvault,"100 customers, 100 PIT rows, 2 satellite segments",as-of read after latest profile/status snapshots,skipped,connection unreachable: A provider connection could not be opened with DVAULT_TEST_SQLSERVER_CONNECTION_STRING. The instance of SQL Server you attempted to connect to requires encryption but this machine does not support it.,0,,,,,,,scenario=pit-as-of-read; provider=SQL Server external provider; baseline=dvault-adddvaultsqlserver-optimized/sha256-v1-binary; strategyFamily=sqlserver-optimized-dvault; executionPath=DVault SQL Server optimized PIT read path; selectedStrategy=SqlServerDataVaultReadStrategy; plannedReadStrategy=SqlServerDataVaultReadStrategy; readShape=PitAsOf; hashKeyVariant=sha256-v1-binary; stableHashAlgorithm=sha256-v1; digestBytes=32; hashKeyStorage=Binary; hashKeyPayloadBytes=32,not executed
bridge-traversal-read,SQL Server external provider,dvault-adddvaultsqlserver-optimized/sha256-v1-binary,sqlserver-optimized-dvault,1 hierarchy ancestor with 100 descendant bridge rows,maximum depth 3 of 5,skipped,connection unreachable: A provider connection could not be opened with DVAULT_TEST_SQLSERVER_CONNECTION_STRING. The instance of SQL Server you attempted to connect to requires encryption but this machine does not support it.,0,,,,,,,scenario=bridge-traversal-read; provider=SQL Server external provider; baseline=dvault-adddvaultsqlserver-optimized/sha256-v1-binary; strategyFamily=sqlserver-optimized-dvault; executionPath=DVault SQL Server optimized bridge read path; selectedStrategy=SqlServerDataVaultReadStrategy; plannedReadStrategy=SqlServerDataVaultReadStrategy; readShape=Bridge; hashKeyVariant=sha256-v1-binary; stableHashAlgorithm=sha256-v1; digestBytes=32; hashKeyStorage=Binary; hashKeyPayloadBytes=32,not executed
provider-native-bulk-ingestion,SQL Server external provider,dvault-adddvault-fallback/sha256-128-v1-hex,provider-neutral-dvault-fallback,"20 order-product pairs, 3 fulfillment satellite operations",provider-eligible mixed hub/link/satellite bulk batch with one unchanged replay,skipped,connection unreachable: A provider connection could not be opened with DVAULT_TEST_SQLSERVER_CONNECTION_STRING. The instance of SQL Server you attempted to connect to requires encryption but this machine does not support it.,0,,,,,,,scenario=provider-native-bulk-ingestion; provider=SQL Server external provider; baseline=dvault-adddvault-fallback/sha256-128-v1-hex; strategyFamily=provider-neutral-dvault-fallback; executionPath=DVault provider-neutral fallback path; selectedStrategy=<none>; comparisonBoundary=staged-eligible-63-operations; hashKeyVariant=sha256-128-v1-hex; stableHashAlgorithm=sha256-128-v1; digestBytes=16; hashKeyStorage=HexString; hashKeyPayloadBytes=32,not executed
provider-native-bulk-ingestion,SQL Server external provider,dvault-adddvaultsqlserver-optimized/sha256-128-v1-hex,sqlserver-optimized-dvault,"20 order-product pairs, 3 fulfillment satellite operations",provider-eligible mixed hub/link/satellite bulk batch with one unchanged replay,skipped,connection unreachable: A provider connection could not be opened with DVAULT_TEST_SQLSERVER_CONNECTION_STRING. The instance of SQL Server you attempted to connect to requires encryption but this machine does not support it.,0,,,,,,,scenario=provider-native-bulk-ingestion; provider=SQL Server external provider; baseline=dvault-adddvaultsqlserver-optimized/sha256-128-v1-hex; strategyFamily=sqlserver-optimized-dvault; executionPath=DVault SQL Server staged native bulk save path; transfer=SqlBulkCopy; selectedStrategy=SqlServerDataVaultSaveStrategy; nativeBulkBoundary=50-plus-operations; cleanupBoundary=temporary-staging-table; hashKeyVariant=sha256-128-v1-hex; stableHashAlgorithm=sha256-128-v1; digestBytes=16; hashKeyStorage=HexString; hashKeyPayloadBytes=32,not executed
latest-satellite-read,SQL Server external provider,dvault-adddvaultsqlserver-optimized/sha256-128-v1-hex,sqlserver-optimized-dvault,"100 customers, 10 profile states each",90% repeat-change history latest read,skipped,connection unreachable: A provider connection could not be opened with DVAULT_TEST_SQLSERVER_CONNECTION_STRING. The instance of SQL Server you attempted to connect to requires encryption but this machine does not support it.,0,,,,,,,scenario=latest-satellite-read; provider=SQL Server external provider; baseline=dvault-adddvaultsqlserver-optimized/sha256-128-v1-hex; strategyFamily=sqlserver-optimized-dvault; executionPath=DVault SQL Server optimized latest satellite read path; selectedStrategy=SqlServerDataVaultReadStrategy; plannedReadStrategy=SqlServerDataVaultReadStrategy; readShape=LatestSatellite; hashKeyVariant=sha256-128-v1-hex; stableHashAlgorithm=sha256-128-v1; digestBytes=16; hashKeyStorage=HexString; hashKeyPayloadBytes=32,not executed
pit-as-of-read,SQL Server external provider,dvault-adddvaultsqlserver-optimized/sha256-128-v1-hex,sqlserver-optimized-dvault,"100 customers, 100 PIT rows, 2 satellite segments",as-of read after latest profile/status snapshots,skipped,connection unreachable: A provider connection could not be opened with DVAULT_TEST_SQLSERVER_CONNECTION_STRING. The instance of SQL Server you attempted to connect to requires encryption but this machine does not support it.,0,,,,,,,scenario=pit-as-of-read; provider=SQL Server external provider; baseline=dvault-adddvaultsqlserver-optimized/sha256-128-v1-hex; strategyFamily=sqlserver-optimized-dvault; executionPath=DVault SQL Server optimized PIT read path; selectedStrategy=SqlServerDataVaultReadStrategy; plannedReadStrategy=SqlServerDataVaultReadStrategy; readShape=PitAsOf; hashKeyVariant=sha256-128-v1-hex; stableHashAlgorithm=sha256-128-v1; digestBytes=16; hashKeyStorage=HexString; hashKeyPayloadBytes=32,not executed
bridge-traversal-read,SQL Server external provider,dvault-adddvaultsqlserver-optimized/sha256-128-v1-hex,sqlserver-optimized-dvault,1 hierarchy ancestor with 100 descendant bridge rows,maximum depth 3 of 5,skipped,connection unreachable: A provider connection could not be opened with DVAULT_TEST_SQLSERVER_CONNECTION_STRING. The instance of SQL Server you attempted to connect to requires encryption but this machine does not support it.,0,,,,,,,scenario=bridge-traversal-read; provider=SQL Server external provider; baseline=dvault-adddvaultsqlserver-optimized/sha256-128-v1-hex; strategyFamily=sqlserver-optimized-dvault; executionPath=DVault SQL Server optimized bridge read path; selectedStrategy=SqlServerDataVaultReadStrategy; plannedReadStrategy=SqlServerDataVaultReadStrategy; readShape=Bridge; hashKeyVariant=sha256-128-v1-hex; stableHashAlgorithm=sha256-128-v1; digestBytes=16; hashKeyStorage=HexString; hashKeyPayloadBytes=32,not executed
provider-native-bulk-ingestion,SQL Server external provider,dvault-adddvault-fallback/sha256-128-v1-binary,provider-neutral-dvault-fallback,"20 order-product pairs, 3 fulfillment satellite operations",provider-eligible mixed hub/link/satellite bulk batch with one unchanged replay,skipped,connection unreachable: A provider connection could not be opened with DVAULT_TEST_SQLSERVER_CONNECTION_STRING. The instance of SQL Server you attempted to connect to requires encryption but this machine does not support it.,0,,,,,,,scenario=provider-native-bulk-ingestion; provider=SQL Server external provider; baseline=dvault-adddvault-fallback/sha256-128-v1-binary; strategyFamily=provider-neutral-dvault-fallback; executionPath=DVault provider-neutral fallback path; selectedStrategy=<none>; comparisonBoundary=staged-eligible-63-operations; hashKeyVariant=sha256-128-v1-binary; stableHashAlgorithm=sha256-128-v1; digestBytes=16; hashKeyStorage=Binary; hashKeyPayloadBytes=16,not executed
provider-native-bulk-ingestion,SQL Server external provider,dvault-adddvaultsqlserver-optimized/sha256-128-v1-binary,sqlserver-optimized-dvault,"20 order-product pairs, 3 fulfillment satellite operations",provider-eligible mixed hub/link/satellite bulk batch with one unchanged replay,skipped,connection unreachable: A provider connection could not be opened with DVAULT_TEST_SQLSERVER_CONNECTION_STRING. The instance of SQL Server you attempted to connect to requires encryption but this machine does not support it.,0,,,,,,,scenario=provider-native-bulk-ingestion; provider=SQL Server external provider; baseline=dvault-adddvaultsqlserver-optimized/sha256-128-v1-binary; strategyFamily=sqlserver-optimized-dvault; executionPath=DVault SQL Server staged native bulk save path; transfer=SqlBulkCopy; selectedStrategy=SqlServerDataVaultSaveStrategy; nativeBulkBoundary=50-plus-operations; cleanupBoundary=temporary-staging-table; hashKeyVariant=sha256-128-v1-binary; stableHashAlgorithm=sha256-128-v1; digestBytes=16; hashKeyStorage=Binary; hashKeyPayloadBytes=16,not executed
latest-satellite-read,SQL Server external provider,dvault-adddvaultsqlserver-optimized/sha256-128-v1-binary,sqlserver-optimized-dvault,"100 customers, 10 profile states each",90% repeat-change history latest read,skipped,connection unreachable: A provider connection could not be opened with DVAULT_TEST_SQLSERVER_CONNECTION_STRING. The instance of SQL Server you attempted to connect to requires encryption but this machine does not support it.,0,,,,,,,scenario=latest-satellite-read; provider=SQL Server external provider; baseline=dvault-adddvaultsqlserver-optimized/sha256-128-v1-binary; strategyFamily=sqlserver-optimized-dvault; executionPath=DVault SQL Server optimized latest satellite read path; selectedStrategy=SqlServerDataVaultReadStrategy; plannedReadStrategy=SqlServerDataVaultReadStrategy; readShape=LatestSatellite; hashKeyVariant=sha256-128-v1-binary; stableHashAlgorithm=sha256-128-v1; digestBytes=16; hashKeyStorage=Binary; hashKeyPayloadBytes=16,not executed
pit-as-of-read,SQL Server external provider,dvault-adddvaultsqlserver-optimized/sha256-128-v1-binary,sqlserver-optimized-dvault,"100 customers, 100 PIT rows, 2 satellite segments",as-of read after latest profile/status snapshots,skipped,connection unreachable: A provider connection could not be opened with DVAULT_TEST_SQLSERVER_CONNECTION_STRING. The instance of SQL Server you attempted to connect to requires encryption but this machine does not support it.,0,,,,,,,scenario=pit-as-of-read; provider=SQL Server external provider; baseline=dvault-adddvaultsqlserver-optimized/sha256-128-v1-binary; strategyFamily=sqlserver-optimized-dvault; executionPath=DVault SQL Server optimized PIT read path; selectedStrategy=SqlServerDataVaultReadStrategy; plannedReadStrategy=SqlServerDataVaultReadStrategy; readShape=PitAsOf; hashKeyVariant=sha256-128-v1-binary; stableHashAlgorithm=sha256-128-v1; digestBytes=16; hashKeyStorage=Binary; hashKeyPayloadBytes=16,not executed
bridge-traversal-read,SQL Server external provider,dvault-adddvaultsqlserver-optimized/sha256-128-v1-binary,sqlserver-optimized-dvault,1 hierarchy ancestor with 100 descendant bridge rows,maximum depth 3 of 5,skipped,connection unreachable: A provider connection could not be opened with DVAULT_TEST_SQLSERVER_CONNECTION_STRING. The instance of SQL Server you attempted to connect to requires encryption but this machine does not support it.,0,,,,,,,scenario=bridge-traversal-read; provider=SQL Server external provider; baseline=dvault-adddvaultsqlserver-optimized/sha256-128-v1-binary; strategyFamily=sqlserver-optimized-dvault; executionPath=DVault SQL Server optimized bridge read path; selectedStrategy=SqlServerDataVaultReadStrategy; plannedReadStrategy=SqlServerDataVaultReadStrategy; readShape=Bridge; hashKeyVariant=sha256-128-v1-binary; stableHashAlgorithm=sha256-128-v1; digestBytes=16; hashKeyStorage=Binary; hashKeyPayloadBytes=16,not executed
provider-native-bulk-ingestion,MySQL external provider,dvault-adddvault-fallback,provider-neutral-dvault-fallback,"20 order-product pairs, 3 fulfillment satellite operations",provider-eligible mixed hub/link/satellite bulk batch with one unchanged replay,completed,,1,89.562,89.562,89.562,4158432,4158432,4158432,"scenario=provider-native-bulk-ingestion; provider=MySQL external provider; baseline=dvault-adddvault-fallback; strategyFamily=provider-neutral-dvault-fallback; executionPath=DVault provider-neutral fallback path; selectedStrategy=<none>; providerSpecificSaveStrategy=fallback; hashKeyVariant=sha256-v1-hex; stableHashAlgorithm=sha256-v1; digestBytes=32; hashKeyStorage=HexString; hashKeyPayloadBytes=64; saveStrategyStatus=ProviderNeutralFallback; provider=MySql.EntityFrameworkCore; selectedStrategy=<none>; candidateStrategies=none; candidates=0; fallbackCauses=NoProviderSpecificStrategyRegistered; requestCount=5; hubOperations=40; linkOperations=20; satelliteOperations=3; nativeBulkGate=clean-context,no-multi-active-satellites,provider-eligible-bulk-request","20 order hubs, 20 product hubs, 20 order-product links, and 2 fulfillment satellite rows"
provider-native-bulk-ingestion,MySQL external provider,dvault-adddvaultmysql-multi-row,mysql-optimized-dvault,"18 order-product pairs, 3 fulfillment satellite operations",staged-ineligible provider-native batch below the 60-operation staged boundary,completed,,1,34.632,34.632,34.632,680376,680376,680376,"scenario=provider-native-bulk-ingestion; provider=MySQL external provider; baseline=dvault-adddvaultmysql-multi-row; strategyFamily=mysql-optimized-dvault; executionPath=DVault MySQL retained multi-row save path; selectedStrategy=MySqlDataVaultSaveStrategy; nativeBulkBoundary=50-plus-operations; stagedBulkBoundary=below-60-operations; cleanupBoundary=no-staging-table; hashKeyVariant=sha256-v1-hex; stableHashAlgorithm=sha256-v1; digestBytes=32; hashKeyStorage=HexString; hashKeyPayloadBytes=64; saveStrategyStatus=ProviderStrategySelected; provider=MySql.EntityFrameworkCore; selectedStrategy=MySqlDataVaultSaveStrategy; candidateStrategies=MySqlStagedDataVaultSaveStrategy|MySqlDataVaultSaveStrategy; candidates=2; fallbackCauses=none; requestCount=5; hubOperations=36; linkOperations=18; satelliteOperations=3; nativeBulkGate=clean-context,no-multi-active-satellites,provider-eligible-bulk-request; stagedProviderBulkPhase=Declined; stagedProviderBulkCaveat=UnsupportedShape; stagedProviderBulkOperations=57; stagedProviderBulkFallbackCauses=StagedProviderBulkUnsupportedShape","18 order hubs, 18 product hubs, 18 order-product links, and 2 fulfillment satellite rows"
provider-native-bulk-ingestion,MySQL external provider,dvault-adddvaultmysql-optimized,mysql-optimized-dvault,"20 order-product pairs, 3 fulfillment satellite operations",provider-eligible mixed hub/link/satellite bulk batch with one unchanged replay,completed,,1,57.190,57.190,57.190,805320,805320,805320,"scenario=provider-native-bulk-ingestion; provider=MySQL external provider; baseline=dvault-adddvaultmysql-optimized; strategyFamily=mysql-optimized-dvault; executionPath=DVault MySQL staged bulk save path; selectedStrategy=MySqlStagedDataVaultSaveStrategy; nativeBulkBoundary=50-plus-operations; stagedBulkBoundary=60-plus-operations; cleanupBoundary=temporary-staging-tables; hashKeyVariant=sha256-v1-hex; stableHashAlgorithm=sha256-v1; digestBytes=32; hashKeyStorage=HexString; hashKeyPayloadBytes=64; saveStrategyStatus=ProviderStrategySelected; provider=MySql.EntityFrameworkCore; selectedStrategy=MySqlStagedDataVaultSaveStrategy; candidateStrategies=MySqlStagedDataVaultSaveStrategy; candidates=1; fallbackCauses=none; requestCount=5; hubOperations=40; linkOperations=20; satelliteOperations=3; nativeBulkGate=clean-context,no-multi-active-satellites,provider-eligible-bulk-request; stagedProviderBulkPhase=NativeBulkApplication; stagedProviderBulkCaveat=None; stagedProviderBulkOperations=63; stagedProviderBulkFallbackCauses=none","20 order hubs, 20 product hubs, 20 order-product links, and 2 fulfillment satellite rows"
latest-satellite-read,MySQL external provider,dvault-adddvaultmysql-optimized,mysql-optimized-dvault,"100 customers, 10 profile states each",90% repeat-change history latest read,completed,,1,12.496,12.496,12.496,927832,927832,927832,scenario=latest-satellite-read; provider=MySQL external provider; baseline=dvault-adddvaultmysql-optimized; strategyFamily=mysql-optimized-dvault; executionPath=DVault MySQL optimized latest satellite read path; selectedStrategy=MySqlDataVaultReadStrategy; plannedReadStrategy=MySqlDataVaultReadStrategy; readShape=LatestSatellite; hashKeyVariant=sha256-v1-hex; stableHashAlgorithm=sha256-v1; digestBytes=32; hashKeyStorage=HexString; hashKeyPayloadBytes=64; readStrategyStatus=ProviderStrategySelected; provider=MySql.EntityFrameworkCore; selectedStrategy=MySqlDataVaultReadStrategy; candidates=1; fallbackCauses=none; readShape=LatestSatellite; readShapeProviderStatus=ProviderStrategySelected; readShapeFallbackCauses=none,100 latest profile satellite rows read from 1000 seeded profile states
pit-as-of-read,MySQL external provider,dvault-adddvaultmysql-optimized,mysql-optimized-dvault,"100 customers, 100 PIT rows, 2 satellite segments",as-of read after latest profile/status snapshots,completed,,1,20.450,20.450,20.450,7169232,7169232,7169232,scenario=pit-as-of-read; provider=MySQL external provider; baseline=dvault-adddvaultmysql-optimized; strategyFamily=mysql-optimized-dvault; executionPath=DVault MySQL optimized PIT read path; selectedStrategy=MySqlDataVaultReadStrategy; plannedReadStrategy=MySqlDataVaultReadStrategy; readShape=PitAsOf; hashKeyVariant=sha256-v1-hex; stableHashAlgorithm=sha256-v1; digestBytes=32; hashKeyStorage=HexString; hashKeyPayloadBytes=64; readStrategyStatus=ProviderStrategySelected; provider=MySql.EntityFrameworkCore; selectedStrategy=MySqlDataVaultReadStrategy; candidates=1; fallbackCauses=none; readShape=PitAsOf; readShapeProviderStatus=ProviderStrategySelected; readShapeFallbackCauses=none,100 PIT as-of rows read across profile and status satellite snapshots
bridge-traversal-read,MySQL external provider,dvault-adddvaultmysql-optimized,mysql-optimized-dvault,1 hierarchy ancestor with 100 descendant bridge rows,maximum depth 3 of 5,completed,,1,3.854,3.854,3.854,319520,319520,319520,scenario=bridge-traversal-read; provider=MySQL external provider; baseline=dvault-adddvaultmysql-optimized; strategyFamily=mysql-optimized-dvault; executionPath=DVault MySQL optimized bridge read path; selectedStrategy=MySqlDataVaultReadStrategy; plannedReadStrategy=MySqlDataVaultReadStrategy; readShape=Bridge; hashKeyVariant=sha256-v1-hex; stableHashAlgorithm=sha256-v1; digestBytes=32; hashKeyStorage=HexString; hashKeyPayloadBytes=64; readStrategyStatus=ProviderStrategySelected; provider=MySql.EntityFrameworkCore; selectedStrategy=MySqlDataVaultReadStrategy; candidates=1; fallbackCauses=none; readShape=Bridge; readShapeProviderStatus=ProviderStrategySelected; readShapeFallbackCauses=none,60 bridge traversal rows read from 100 seeded hierarchy rows
provider-native-bulk-ingestion,MySQL external provider,dvault-adddvault-fallback/sha256-v1-binary,provider-neutral-dvault-fallback,"20 order-product pairs, 3 fulfillment satellite operations",provider-eligible mixed hub/link/satellite bulk batch with one unchanged replay,completed,,1,76.219,76.219,76.219,3800200,3800200,3800200,"scenario=provider-native-bulk-ingestion; provider=MySQL external provider; baseline=dvault-adddvault-fallback/sha256-v1-binary; strategyFamily=provider-neutral-dvault-fallback; executionPath=DVault provider-neutral fallback path; selectedStrategy=<none>; providerSpecificSaveStrategy=fallback; hashKeyVariant=sha256-v1-binary; stableHashAlgorithm=sha256-v1; digestBytes=32; hashKeyStorage=Binary; hashKeyPayloadBytes=32; saveStrategyStatus=ProviderNeutralFallback; provider=MySql.EntityFrameworkCore; selectedStrategy=<none>; candidateStrategies=none; candidates=0; fallbackCauses=NoProviderSpecificStrategyRegistered; requestCount=5; hubOperations=40; linkOperations=20; satelliteOperations=3; nativeBulkGate=clean-context,no-multi-active-satellites,provider-eligible-bulk-request","20 order hubs, 20 product hubs, 20 order-product links, and 2 fulfillment satellite rows"
provider-native-bulk-ingestion,MySQL external provider,dvault-adddvaultmysql-multi-row/sha256-v1-binary,mysql-optimized-dvault,"18 order-product pairs, 3 fulfillment satellite operations",staged-ineligible provider-native batch below the 60-operation staged boundary,failed,Data too long for column 'OrderProductHashKey' at row 1,0,,,,,,,scenario=provider-native-bulk-ingestion; provider=MySQL external provider; baseline=dvault-adddvaultmysql-multi-row/sha256-v1-binary; strategyFamily=mysql-optimized-dvault; executionPath=DVault MySQL retained multi-row save path; selectedStrategy=MySqlDataVaultSaveStrategy; nativeBulkBoundary=50-plus-operations; stagedBulkBoundary=below-60-operations; cleanupBoundary=no-staging-table; hashKeyVariant=sha256-v1-binary; stableHashAlgorithm=sha256-v1; digestBytes=32; hashKeyStorage=Binary; hashKeyPayloadBytes=32,not executed
provider-native-bulk-ingestion,MySQL external provider,dvault-adddvaultmysql-optimized/sha256-v1-binary,mysql-optimized-dvault,"20 order-product pairs, 3 fulfillment satellite operations",provider-eligible mixed hub/link/satellite bulk batch with one unchanged replay,failed,Data too long for column 'OrderHashKey' at row 1,0,,,,,,,scenario=provider-native-bulk-ingestion; provider=MySQL external provider; baseline=dvault-adddvaultmysql-optimized/sha256-v1-binary; strategyFamily=mysql-optimized-dvault; executionPath=DVault MySQL staged bulk save path; selectedStrategy=MySqlStagedDataVaultSaveStrategy; nativeBulkBoundary=50-plus-operations; stagedBulkBoundary=60-plus-operations; cleanupBoundary=temporary-staging-tables; hashKeyVariant=sha256-v1-binary; stableHashAlgorithm=sha256-v1; digestBytes=32; hashKeyStorage=Binary; hashKeyPayloadBytes=32,not executed
latest-satellite-read,MySQL external provider,dvault-adddvaultmysql-optimized/sha256-v1-binary,mysql-optimized-dvault,"100 customers, 10 profile states each",90% repeat-change history latest read,failed,Data too long for column 'CustomerHashKey' at row 1,0,,,,,,,scenario=latest-satellite-read; provider=MySQL external provider; baseline=dvault-adddvaultmysql-optimized/sha256-v1-binary; strategyFamily=mysql-optimized-dvault; executionPath=DVault MySQL optimized latest satellite read path; selectedStrategy=MySqlDataVaultReadStrategy; plannedReadStrategy=MySqlDataVaultReadStrategy; readShape=LatestSatellite; hashKeyVariant=sha256-v1-binary; stableHashAlgorithm=sha256-v1; digestBytes=32; hashKeyStorage=Binary; hashKeyPayloadBytes=32,not executed
pit-as-of-read,MySQL external provider,dvault-adddvaultmysql-optimized/sha256-v1-binary,mysql-optimized-dvault,"100 customers, 100 PIT rows, 2 satellite segments",as-of read after latest profile/status snapshots,failed,Data too long for column 'CustomerHashKey' at row 1,0,,,,,,,scenario=pit-as-of-read; provider=MySQL external provider; baseline=dvault-adddvaultmysql-optimized/sha256-v1-binary; strategyFamily=mysql-optimized-dvault; executionPath=DVault MySQL optimized PIT read path; selectedStrategy=MySqlDataVaultReadStrategy; plannedReadStrategy=MySqlDataVaultReadStrategy; readShape=PitAsOf; hashKeyVariant=sha256-v1-binary; stableHashAlgorithm=sha256-v1; digestBytes=32; hashKeyStorage=Binary; hashKeyPayloadBytes=32,not executed
bridge-traversal-read,MySQL external provider,dvault-adddvaultmysql-optimized/sha256-v1-binary,mysql-optimized-dvault,1 hierarchy ancestor with 100 descendant bridge rows,maximum depth 3 of 5,completed,,1,3.351,3.351,3.351,336168,336168,336168,scenario=bridge-traversal-read; provider=MySQL external provider; baseline=dvault-adddvaultmysql-optimized/sha256-v1-binary; strategyFamily=mysql-optimized-dvault; executionPath=DVault MySQL optimized bridge read path; selectedStrategy=MySqlDataVaultReadStrategy; plannedReadStrategy=MySqlDataVaultReadStrategy; readShape=Bridge; hashKeyVariant=sha256-v1-binary; stableHashAlgorithm=sha256-v1; digestBytes=32; hashKeyStorage=Binary; hashKeyPayloadBytes=32; readStrategyStatus=ProviderStrategySelected; provider=MySql.EntityFrameworkCore; selectedStrategy=MySqlDataVaultReadStrategy; candidates=1; fallbackCauses=none; readShape=Bridge; readShapeProviderStatus=ProviderStrategySelected; readShapeFallbackCauses=none,60 bridge traversal rows read from 100 seeded hierarchy rows
provider-native-bulk-ingestion,MySQL external provider,dvault-adddvault-fallback/sha256-128-v1-hex,provider-neutral-dvault-fallback,"20 order-product pairs, 3 fulfillment satellite operations",provider-eligible mixed hub/link/satellite bulk batch with one unchanged replay,completed,,1,73.572,73.572,73.572,3558544,3558544,3558544,"scenario=provider-native-bulk-ingestion; provider=MySQL external provider; baseline=dvault-adddvault-fallback/sha256-128-v1-hex; strategyFamily=provider-neutral-dvault-fallback; executionPath=DVault provider-neutral fallback path; selectedStrategy=<none>; providerSpecificSaveStrategy=fallback; hashKeyVariant=sha256-128-v1-hex; stableHashAlgorithm=sha256-128-v1; digestBytes=16; hashKeyStorage=HexString; hashKeyPayloadBytes=32; saveStrategyStatus=ProviderNeutralFallback; provider=MySql.EntityFrameworkCore; selectedStrategy=<none>; candidateStrategies=none; candidates=0; fallbackCauses=NoProviderSpecificStrategyRegistered; requestCount=5; hubOperations=40; linkOperations=20; satelliteOperations=3; nativeBulkGate=clean-context,no-multi-active-satellites,provider-eligible-bulk-request","20 order hubs, 20 product hubs, 20 order-product links, and 2 fulfillment satellite rows"
provider-native-bulk-ingestion,MySQL external provider,dvault-adddvaultmysql-multi-row/sha256-128-v1-hex,mysql-optimized-dvault,"18 order-product pairs, 3 fulfillment satellite operations",staged-ineligible provider-native batch below the 60-operation staged boundary,completed,,1,19.823,19.823,19.823,638680,638680,638680,"scenario=provider-native-bulk-ingestion; provider=MySQL external provider; baseline=dvault-adddvaultmysql-multi-row/sha256-128-v1-hex; strategyFamily=mysql-optimized-dvault; executionPath=DVault MySQL retained multi-row save path; selectedStrategy=MySqlDataVaultSaveStrategy; nativeBulkBoundary=50-plus-operations; stagedBulkBoundary=below-60-operations; cleanupBoundary=no-staging-table; hashKeyVariant=sha256-128-v1-hex; stableHashAlgorithm=sha256-128-v1; digestBytes=16; hashKeyStorage=HexString; hashKeyPayloadBytes=32; saveStrategyStatus=ProviderStrategySelected; provider=MySql.EntityFrameworkCore; selectedStrategy=MySqlDataVaultSaveStrategy; candidateStrategies=MySqlStagedDataVaultSaveStrategy|MySqlDataVaultSaveStrategy; candidates=2; fallbackCauses=none; requestCount=5; hubOperations=36; linkOperations=18; satelliteOperations=3; nativeBulkGate=clean-context,no-multi-active-satellites,provider-eligible-bulk-request; stagedProviderBulkPhase=Declined; stagedProviderBulkCaveat=UnsupportedShape; stagedProviderBulkOperations=57; stagedProviderBulkFallbackCauses=StagedProviderBulkUnsupportedShape","18 order hubs, 18 product hubs, 18 order-product links, and 2 fulfillment satellite rows"
provider-native-bulk-ingestion,MySQL external provider,dvault-adddvaultmysql-optimized/sha256-128-v1-hex,mysql-optimized-dvault,"20 order-product pairs, 3 fulfillment satellite operations",provider-eligible mixed hub/link/satellite bulk batch with one unchanged replay,completed,,1,31.951,31.951,31.951,761352,761352,761352,"scenario=provider-native-bulk-ingestion; provider=MySQL external provider; baseline=dvault-adddvaultmysql-optimized/sha256-128-v1-hex; strategyFamily=mysql-optimized-dvault; executionPath=DVault MySQL staged bulk save path; selectedStrategy=MySqlStagedDataVaultSaveStrategy; nativeBulkBoundary=50-plus-operations; stagedBulkBoundary=60-plus-operations; cleanupBoundary=temporary-staging-tables; hashKeyVariant=sha256-128-v1-hex; stableHashAlgorithm=sha256-128-v1; digestBytes=16; hashKeyStorage=HexString; hashKeyPayloadBytes=32; saveStrategyStatus=ProviderStrategySelected; provider=MySql.EntityFrameworkCore; selectedStrategy=MySqlStagedDataVaultSaveStrategy; candidateStrategies=MySqlStagedDataVaultSaveStrategy; candidates=1; fallbackCauses=none; requestCount=5; hubOperations=40; linkOperations=20; satelliteOperations=3; nativeBulkGate=clean-context,no-multi-active-satellites,provider-eligible-bulk-request; stagedProviderBulkPhase=NativeBulkApplication; stagedProviderBulkCaveat=None; stagedProviderBulkOperations=63; stagedProviderBulkFallbackCauses=none","20 order hubs, 20 product hubs, 20 order-product links, and 2 fulfillment satellite rows"
latest-satellite-read,MySQL external provider,dvault-adddvaultmysql-optimized/sha256-128-v1-hex,mysql-optimized-dvault,"100 customers, 10 profile states each",90% repeat-change history latest read,completed,,1,8.787,8.787,8.787,900352,900352,900352,scenario=latest-satellite-read; provider=MySQL external provider; baseline=dvault-adddvaultmysql-optimized/sha256-128-v1-hex; strategyFamily=mysql-optimized-dvault; executionPath=DVault MySQL optimized latest satellite read path; selectedStrategy=MySqlDataVaultReadStrategy; plannedReadStrategy=MySqlDataVaultReadStrategy; readShape=LatestSatellite; hashKeyVariant=sha256-128-v1-hex; stableHashAlgorithm=sha256-128-v1; digestBytes=16; hashKeyStorage=HexString; hashKeyPayloadBytes=32; readStrategyStatus=ProviderStrategySelected; provider=MySql.EntityFrameworkCore; selectedStrategy=MySqlDataVaultReadStrategy; candidates=1; fallbackCauses=none; readShape=LatestSatellite; readShapeProviderStatus=ProviderStrategySelected; readShapeFallbackCauses=none,100 latest profile satellite rows read from 1000 seeded profile states
pit-as-of-read,MySQL external provider,dvault-adddvaultmysql-optimized/sha256-128-v1-hex,mysql-optimized-dvault,"100 customers, 100 PIT rows, 2 satellite segments",as-of read after latest profile/status snapshots,completed,,1,17.579,17.579,17.579,6983960,6983960,6983960,scenario=pit-as-of-read; provider=MySQL external provider; baseline=dvault-adddvaultmysql-optimized/sha256-128-v1-hex; strategyFamily=mysql-optimized-dvault; executionPath=DVault MySQL optimized PIT read path; selectedStrategy=MySqlDataVaultReadStrategy; plannedReadStrategy=MySqlDataVaultReadStrategy; readShape=PitAsOf; hashKeyVariant=sha256-128-v1-hex; stableHashAlgorithm=sha256-128-v1; digestBytes=16; hashKeyStorage=HexString; hashKeyPayloadBytes=32; readStrategyStatus=ProviderStrategySelected; provider=MySql.EntityFrameworkCore; selectedStrategy=MySqlDataVaultReadStrategy; candidates=1; fallbackCauses=none; readShape=PitAsOf; readShapeProviderStatus=ProviderStrategySelected; readShapeFallbackCauses=none,100 PIT as-of rows read across profile and status satellite snapshots
bridge-traversal-read,MySQL external provider,dvault-adddvaultmysql-optimized/sha256-128-v1-hex,mysql-optimized-dvault,1 hierarchy ancestor with 100 descendant bridge rows,maximum depth 3 of 5,completed,,1,3.511,3.511,3.511,304224,304224,304224,scenario=bridge-traversal-read; provider=MySQL external provider; baseline=dvault-adddvaultmysql-optimized/sha256-128-v1-hex; strategyFamily=mysql-optimized-dvault; executionPath=DVault MySQL optimized bridge read path; selectedStrategy=MySqlDataVaultReadStrategy; plannedReadStrategy=MySqlDataVaultReadStrategy; readShape=Bridge; hashKeyVariant=sha256-128-v1-hex; stableHashAlgorithm=sha256-128-v1; digestBytes=16; hashKeyStorage=HexString; hashKeyPayloadBytes=32; readStrategyStatus=ProviderStrategySelected; provider=MySql.EntityFrameworkCore; selectedStrategy=MySqlDataVaultReadStrategy; candidates=1; fallbackCauses=none; readShape=Bridge; readShapeProviderStatus=ProviderStrategySelected; readShapeFallbackCauses=none,60 bridge traversal rows read from 100 seeded hierarchy rows
provider-native-bulk-ingestion,MySQL external provider,dvault-adddvault-fallback/sha256-128-v1-binary,provider-neutral-dvault-fallback,"20 order-product pairs, 3 fulfillment satellite operations",provider-eligible mixed hub/link/satellite bulk batch with one unchanged replay,completed,,1,71.061,71.061,71.061,3746752,3746752,3746752,"scenario=provider-native-bulk-ingestion; provider=MySQL external provider; baseline=dvault-adddvault-fallback/sha256-128-v1-binary; strategyFamily=provider-neutral-dvault-fallback; executionPath=DVault provider-neutral fallback path; selectedStrategy=<none>; providerSpecificSaveStrategy=fallback; hashKeyVariant=sha256-128-v1-binary; stableHashAlgorithm=sha256-128-v1; digestBytes=16; hashKeyStorage=Binary; hashKeyPayloadBytes=16; saveStrategyStatus=ProviderNeutralFallback; provider=MySql.EntityFrameworkCore; selectedStrategy=<none>; candidateStrategies=none; candidates=0; fallbackCauses=NoProviderSpecificStrategyRegistered; requestCount=5; hubOperations=40; linkOperations=20; satelliteOperations=3; nativeBulkGate=clean-context,no-multi-active-satellites,provider-eligible-bulk-request","20 order hubs, 20 product hubs, 20 order-product links, and 2 fulfillment satellite rows"
provider-native-bulk-ingestion,MySQL external provider,dvault-adddvaultmysql-multi-row/sha256-128-v1-binary,mysql-optimized-dvault,"18 order-product pairs, 3 fulfillment satellite operations",staged-ineligible provider-native batch below the 60-operation staged boundary,failed,Data too long for column 'OrderProductHashKey' at row 1,0,,,,,,,scenario=provider-native-bulk-ingestion; provider=MySQL external provider; baseline=dvault-adddvaultmysql-multi-row/sha256-128-v1-binary; strategyFamily=mysql-optimized-dvault; executionPath=DVault MySQL retained multi-row save path; selectedStrategy=MySqlDataVaultSaveStrategy; nativeBulkBoundary=50-plus-operations; stagedBulkBoundary=below-60-operations; cleanupBoundary=no-staging-table; hashKeyVariant=sha256-128-v1-binary; stableHashAlgorithm=sha256-128-v1; digestBytes=16; hashKeyStorage=Binary; hashKeyPayloadBytes=16,not executed
provider-native-bulk-ingestion,MySQL external provider,dvault-adddvaultmysql-optimized/sha256-128-v1-binary,mysql-optimized-dvault,"20 order-product pairs, 3 fulfillment satellite operations",provider-eligible mixed hub/link/satellite bulk batch with one unchanged replay,failed,Data too long for column 'OrderHashKey' at row 1,0,,,,,,,scenario=provider-native-bulk-ingestion; provider=MySQL external provider; baseline=dvault-adddvaultmysql-optimized/sha256-128-v1-binary; strategyFamily=mysql-optimized-dvault; executionPath=DVault MySQL staged bulk save path; selectedStrategy=MySqlStagedDataVaultSaveStrategy; nativeBulkBoundary=50-plus-operations; stagedBulkBoundary=60-plus-operations; cleanupBoundary=temporary-staging-tables; hashKeyVariant=sha256-128-v1-binary; stableHashAlgorithm=sha256-128-v1; digestBytes=16; hashKeyStorage=Binary; hashKeyPayloadBytes=16,not executed
latest-satellite-read,MySQL external provider,dvault-adddvaultmysql-optimized/sha256-128-v1-binary,mysql-optimized-dvault,"100 customers, 10 profile states each",90% repeat-change history latest read,failed,Data too long for column 'CustomerHashKey' at row 1,0,,,,,,,scenario=latest-satellite-read; provider=MySQL external provider; baseline=dvault-adddvaultmysql-optimized/sha256-128-v1-binary; strategyFamily=mysql-optimized-dvault; executionPath=DVault MySQL optimized latest satellite read path; selectedStrategy=MySqlDataVaultReadStrategy; plannedReadStrategy=MySqlDataVaultReadStrategy; readShape=LatestSatellite; hashKeyVariant=sha256-128-v1-binary; stableHashAlgorithm=sha256-128-v1; digestBytes=16; hashKeyStorage=Binary; hashKeyPayloadBytes=16,not executed
pit-as-of-read,MySQL external provider,dvault-adddvaultmysql-optimized/sha256-128-v1-binary,mysql-optimized-dvault,"100 customers, 100 PIT rows, 2 satellite segments",as-of read after latest profile/status snapshots,failed,Data too long for column 'CustomerHashKey' at row 1,0,,,,,,,scenario=pit-as-of-read; provider=MySQL external provider; baseline=dvault-adddvaultmysql-optimized/sha256-128-v1-binary; strategyFamily=mysql-optimized-dvault; executionPath=DVault MySQL optimized PIT read path; selectedStrategy=MySqlDataVaultReadStrategy; plannedReadStrategy=MySqlDataVaultReadStrategy; readShape=PitAsOf; hashKeyVariant=sha256-128-v1-binary; stableHashAlgorithm=sha256-128-v1; digestBytes=16; hashKeyStorage=Binary; hashKeyPayloadBytes=16,not executed
bridge-traversal-read,MySQL external provider,dvault-adddvaultmysql-optimized/sha256-128-v1-binary,mysql-optimized-dvault,1 hierarchy ancestor with 100 descendant bridge rows,maximum depth 3 of 5,completed,,1,2.469,2.469,2.469,309752,309752,309752,scenario=bridge-traversal-read; provider=MySQL external provider; baseline=dvault-adddvaultmysql-optimized/sha256-128-v1-binary; strategyFamily=mysql-optimized-dvault; executionPath=DVault MySQL optimized bridge read path; selectedStrategy=MySqlDataVaultReadStrategy; plannedReadStrategy=MySqlDataVaultReadStrategy; readShape=Bridge; hashKeyVariant=sha256-128-v1-binary; stableHashAlgorithm=sha256-128-v1; digestBytes=16; hashKeyStorage=Binary; hashKeyPayloadBytes=16; readStrategyStatus=ProviderStrategySelected; provider=MySql.EntityFrameworkCore; selectedStrategy=MySqlDataVaultReadStrategy; candidates=1; fallbackCauses=none; readShape=Bridge; readShapeProviderStatus=ProviderStrategySelected; readShapeFallbackCauses=none,60 bridge traversal rows read from 100 seeded hierarchy rows
provider-native-bulk-ingestion,Oracle external provider,dvault-adddvault-fallback,provider-neutral-dvault-fallback,"20 order-product pairs, 3 fulfillment satellite operations",provider-eligible mixed hub/link/satellite bulk batch with one unchanged replay,completed,,1,244.128,244.128,244.128,4406536,4406536,4406536,"scenario=provider-native-bulk-ingestion; provider=Oracle external provider; baseline=dvault-adddvault-fallback; strategyFamily=provider-neutral-dvault-fallback; executionPath=DVault provider-neutral fallback path; selectedStrategy=<none>; providerSpecificSaveStrategy=fallback; hashKeyVariant=sha256-v1-hex; stableHashAlgorithm=sha256-v1; digestBytes=32; hashKeyStorage=HexString; hashKeyPayloadBytes=64; saveStrategyStatus=ProviderNeutralFallback; provider=Oracle.EntityFrameworkCore; selectedStrategy=<none>; candidateStrategies=none; candidates=0; fallbackCauses=NoProviderSpecificStrategyRegistered; requestCount=5; hubOperations=40; linkOperations=20; satelliteOperations=3; nativeBulkGate=clean-context,no-multi-active-satellites,provider-eligible-bulk-request","20 order hubs, 20 product hubs, 20 order-product links, and 2 fulfillment satellite rows"
provider-native-bulk-ingestion,Oracle external provider,dvault-adddvaultoracle-optimized,oracle-optimized-dvault,"20 order-product pairs, 3 fulfillment satellite operations",provider-eligible mixed hub/link/satellite bulk batch with one unchanged replay,completed,,1,81.441,81.441,81.441,491424,491424,491424,"scenario=provider-native-bulk-ingestion; provider=Oracle external provider; baseline=dvault-adddvaultoracle-optimized; strategyFamily=oracle-optimized-dvault; executionPath=DVault Oracle direct optimized save path; selectedStrategy=OracleDataVaultSaveStrategy; oracleBulkBoundary=direct-oracle-batching; stagedOracleBulk=not-selected-no-measured-win; cleanupBoundary=direct-provider-transaction; hashKeyVariant=sha256-v1-hex; stableHashAlgorithm=sha256-v1; digestBytes=32; hashKeyStorage=HexString; hashKeyPayloadBytes=64; saveStrategyStatus=ProviderStrategySelected; provider=Oracle.EntityFrameworkCore; selectedStrategy=OracleDataVaultSaveStrategy; candidateStrategies=OracleDataVaultSaveStrategy; candidates=1; fallbackCauses=none; requestCount=5; hubOperations=40; linkOperations=20; satelliteOperations=3; nativeBulkGate=clean-context,no-multi-active-satellites,provider-eligible-bulk-request","20 order hubs, 20 product hubs, 20 order-product links, and 2 fulfillment satellite rows"
latest-satellite-read,Oracle external provider,dvault-adddvaultoracle-optimized,oracle-optimized-dvault,"100 customers, 10 profile states each",90% repeat-change history latest read,completed,,1,96.615,96.615,96.615,657808,657808,657808,scenario=latest-satellite-read; provider=Oracle external provider; baseline=dvault-adddvaultoracle-optimized; strategyFamily=oracle-optimized-dvault; executionPath=DVault Oracle optimized latest satellite read path; selectedStrategy=OracleDataVaultReadStrategy; plannedReadStrategy=OracleDataVaultReadStrategy; readShape=LatestSatellite; hashKeyVariant=sha256-v1-hex; stableHashAlgorithm=sha256-v1; digestBytes=32; hashKeyStorage=HexString; hashKeyPayloadBytes=64; readStrategyStatus=ProviderStrategySelected; provider=Oracle.EntityFrameworkCore; selectedStrategy=OracleDataVaultReadStrategy; candidates=1; fallbackCauses=none; readShape=LatestSatellite; readShapeProviderStatus=ProviderStrategySelected; readShapeFallbackCauses=none,100 latest profile satellite rows read from 1000 seeded profile states
pit-as-of-read,Oracle external provider,dvault-adddvaultoracle-optimized,oracle-optimized-dvault,"100 customers, 100 PIT rows, 2 satellite segments",as-of read after latest profile/status snapshots,completed,,1,726.686,726.686,726.686,5917216,5917216,5917216,scenario=pit-as-of-read; provider=Oracle external provider; baseline=dvault-adddvaultoracle-optimized; strategyFamily=oracle-optimized-dvault; executionPath=DVault Oracle optimized PIT read path; selectedStrategy=OracleDataVaultReadStrategy; plannedReadStrategy=OracleDataVaultReadStrategy; readShape=PitAsOf; hashKeyVariant=sha256-v1-hex; stableHashAlgorithm=sha256-v1; digestBytes=32; hashKeyStorage=HexString; hashKeyPayloadBytes=64; readStrategyStatus=ProviderStrategySelected; provider=Oracle.EntityFrameworkCore; selectedStrategy=OracleDataVaultReadStrategy; candidates=1; fallbackCauses=none; readShape=PitAsOf; readShapeProviderStatus=ProviderStrategySelected; readShapeFallbackCauses=none,100 PIT as-of rows read across profile and status satellite snapshots
bridge-traversal-read,Oracle external provider,dvault-adddvaultoracle-optimized,oracle-optimized-dvault,1 hierarchy ancestor with 100 descendant bridge rows,maximum depth 3 of 5,completed,,1,7.266,7.266,7.266,210856,210856,210856,scenario=bridge-traversal-read; provider=Oracle external provider; baseline=dvault-adddvaultoracle-optimized; strategyFamily=oracle-optimized-dvault; executionPath=DVault Oracle optimized bridge read path; selectedStrategy=OracleDataVaultReadStrategy; plannedReadStrategy=OracleDataVaultReadStrategy; readShape=Bridge; hashKeyVariant=sha256-v1-hex; stableHashAlgorithm=sha256-v1; digestBytes=32; hashKeyStorage=HexString; hashKeyPayloadBytes=64; readStrategyStatus=ProviderStrategySelected; provider=Oracle.EntityFrameworkCore; selectedStrategy=OracleDataVaultReadStrategy; candidates=1; fallbackCauses=none; readShape=Bridge; readShapeProviderStatus=ProviderStrategySelected; readShapeFallbackCauses=none,60 bridge traversal rows read from 100 seeded hierarchy rows
provider-native-bulk-ingestion,Oracle external provider,dvault-adddvault-fallback/sha256-v1-binary,provider-neutral-dvault-fallback,"20 order-product pairs, 3 fulfillment satellite operations",provider-eligible mixed hub/link/satellite bulk batch with one unchanged replay,completed,,1,139.437,139.437,139.437,3684728,3684728,3684728,"scenario=provider-native-bulk-ingestion; provider=Oracle external provider; baseline=dvault-adddvault-fallback/sha256-v1-binary; strategyFamily=provider-neutral-dvault-fallback; executionPath=DVault provider-neutral fallback path; selectedStrategy=<none>; providerSpecificSaveStrategy=fallback; hashKeyVariant=sha256-v1-binary; stableHashAlgorithm=sha256-v1; digestBytes=32; hashKeyStorage=Binary; hashKeyPayloadBytes=32; saveStrategyStatus=ProviderNeutralFallback; provider=Oracle.EntityFrameworkCore; selectedStrategy=<none>; candidateStrategies=none; candidates=0; fallbackCauses=NoProviderSpecificStrategyRegistered; requestCount=5; hubOperations=40; linkOperations=20; satelliteOperations=3; nativeBulkGate=clean-context,no-multi-active-satellites,provider-eligible-bulk-request","20 order hubs, 20 product hubs, 20 order-product links, and 2 fulfillment satellite rows"
provider-native-bulk-ingestion,Oracle external provider,dvault-adddvaultoracle-optimized/sha256-v1-binary,oracle-optimized-dvault,"20 order-product pairs, 3 fulfillment satellite operations",provider-eligible mixed hub/link/satellite bulk batch with one unchanged replay,completed,,1,69.442,69.442,69.442,444128,444128,444128,"scenario=provider-native-bulk-ingestion; provider=Oracle external provider; baseline=dvault-adddvaultoracle-optimized/sha256-v1-binary; strategyFamily=oracle-optimized-dvault; executionPath=DVault Oracle direct optimized save path; selectedStrategy=OracleDataVaultSaveStrategy; oracleBulkBoundary=direct-oracle-batching; stagedOracleBulk=not-selected-no-measured-win; cleanupBoundary=direct-provider-transaction; hashKeyVariant=sha256-v1-binary; stableHashAlgorithm=sha256-v1; digestBytes=32; hashKeyStorage=Binary; hashKeyPayloadBytes=32; saveStrategyStatus=ProviderStrategySelected; provider=Oracle.EntityFrameworkCore; selectedStrategy=OracleDataVaultSaveStrategy; candidateStrategies=OracleDataVaultSaveStrategy; candidates=1; fallbackCauses=none; requestCount=5; hubOperations=40; linkOperations=20; satelliteOperations=3; nativeBulkGate=clean-context,no-multi-active-satellites,provider-eligible-bulk-request","20 order hubs, 20 product hubs, 20 order-product links, and 2 fulfillment satellite rows"
latest-satellite-read,Oracle external provider,dvault-adddvaultoracle-optimized/sha256-v1-binary,oracle-optimized-dvault,"100 customers, 10 profile states each",90% repeat-change history latest read,failed,ORA-24449: could not reexecute statement after server side metadata changes  https://docs.oracle.com/error-help/db/ora-24449/,0,,,,,,,scenario=latest-satellite-read; provider=Oracle external provider; baseline=dvault-adddvaultoracle-optimized/sha256-v1-binary; strategyFamily=oracle-optimized-dvault; executionPath=DVault Oracle optimized latest satellite read path; selectedStrategy=OracleDataVaultReadStrategy; plannedReadStrategy=OracleDataVaultReadStrategy; readShape=LatestSatellite; hashKeyVariant=sha256-v1-binary; stableHashAlgorithm=sha256-v1; digestBytes=32; hashKeyStorage=Binary; hashKeyPayloadBytes=32,not executed
pit-as-of-read,Oracle external provider,dvault-adddvaultoracle-optimized/sha256-v1-binary,oracle-optimized-dvault,"100 customers, 100 PIT rows, 2 satellite segments",as-of read after latest profile/status snapshots,failed,ORA-24449: could not reexecute statement after server side metadata changes  https://docs.oracle.com/error-help/db/ora-24449/,0,,,,,,,scenario=pit-as-of-read; provider=Oracle external provider; baseline=dvault-adddvaultoracle-optimized/sha256-v1-binary; strategyFamily=oracle-optimized-dvault; executionPath=DVault Oracle optimized PIT read path; selectedStrategy=OracleDataVaultReadStrategy; plannedReadStrategy=OracleDataVaultReadStrategy; readShape=PitAsOf; hashKeyVariant=sha256-v1-binary; stableHashAlgorithm=sha256-v1; digestBytes=32; hashKeyStorage=Binary; hashKeyPayloadBytes=32,not executed
bridge-traversal-read,Oracle external provider,dvault-adddvaultoracle-optimized/sha256-v1-binary,oracle-optimized-dvault,1 hierarchy ancestor with 100 descendant bridge rows,maximum depth 3 of 5,failed,ORA-24449: could not reexecute statement after server side metadata changes  https://docs.oracle.com/error-help/db/ora-24449/,0,,,,,,,scenario=bridge-traversal-read; provider=Oracle external provider; baseline=dvault-adddvaultoracle-optimized/sha256-v1-binary; strategyFamily=oracle-optimized-dvault; executionPath=DVault Oracle optimized bridge read path; selectedStrategy=OracleDataVaultReadStrategy; plannedReadStrategy=OracleDataVaultReadStrategy; readShape=Bridge; hashKeyVariant=sha256-v1-binary; stableHashAlgorithm=sha256-v1; digestBytes=32; hashKeyStorage=Binary; hashKeyPayloadBytes=32,not executed
provider-native-bulk-ingestion,Oracle external provider,dvault-adddvault-fallback/sha256-128-v1-hex,provider-neutral-dvault-fallback,"20 order-product pairs, 3 fulfillment satellite operations",provider-eligible mixed hub/link/satellite bulk batch with one unchanged replay,completed,,1,121.106,121.106,121.106,3334712,3334712,3334712,"scenario=provider-native-bulk-ingestion; provider=Oracle external provider; baseline=dvault-adddvault-fallback/sha256-128-v1-hex; strategyFamily=provider-neutral-dvault-fallback; executionPath=DVault provider-neutral fallback path; selectedStrategy=<none>; providerSpecificSaveStrategy=fallback; hashKeyVariant=sha256-128-v1-hex; stableHashAlgorithm=sha256-128-v1; digestBytes=16; hashKeyStorage=HexString; hashKeyPayloadBytes=32; saveStrategyStatus=ProviderNeutralFallback; provider=Oracle.EntityFrameworkCore; selectedStrategy=<none>; candidateStrategies=none; candidates=0; fallbackCauses=NoProviderSpecificStrategyRegistered; requestCount=5; hubOperations=40; linkOperations=20; satelliteOperations=3; nativeBulkGate=clean-context,no-multi-active-satellites,provider-eligible-bulk-request","20 order hubs, 20 product hubs, 20 order-product links, and 2 fulfillment satellite rows"
provider-native-bulk-ingestion,Oracle external provider,dvault-adddvaultoracle-optimized/sha256-128-v1-hex,oracle-optimized-dvault,"20 order-product pairs, 3 fulfillment satellite operations",provider-eligible mixed hub/link/satellite bulk batch with one unchanged replay,failed,ORA-24449: could not reexecute statement after server side metadata changes  https://docs.oracle.com/error-help/db/ora-24449/,0,,,,,,,scenario=provider-native-bulk-ingestion; provider=Oracle external provider; baseline=dvault-adddvaultoracle-optimized/sha256-128-v1-hex; strategyFamily=oracle-optimized-dvault; executionPath=DVault Oracle direct optimized save path; selectedStrategy=OracleDataVaultSaveStrategy; oracleBulkBoundary=direct-oracle-batching; stagedOracleBulk=not-selected-no-measured-win; cleanupBoundary=direct-provider-transaction; hashKeyVariant=sha256-128-v1-hex; stableHashAlgorithm=sha256-128-v1; digestBytes=16; hashKeyStorage=HexString; hashKeyPayloadBytes=32,not executed
latest-satellite-read,Oracle external provider,dvault-adddvaultoracle-optimized/sha256-128-v1-hex,oracle-optimized-dvault,"100 customers, 10 profile states each",90% repeat-change history latest read,failed,ORA-24449: could not reexecute statement after server side metadata changes  https://docs.oracle.com/error-help/db/ora-24449/,0,,,,,,,scenario=latest-satellite-read; provider=Oracle external provider; baseline=dvault-adddvaultoracle-optimized/sha256-128-v1-hex; strategyFamily=oracle-optimized-dvault; executionPath=DVault Oracle optimized latest satellite read path; selectedStrategy=OracleDataVaultReadStrategy; plannedReadStrategy=OracleDataVaultReadStrategy; readShape=LatestSatellite; hashKeyVariant=sha256-128-v1-hex; stableHashAlgorithm=sha256-128-v1; digestBytes=16; hashKeyStorage=HexString; hashKeyPayloadBytes=32,not executed
pit-as-of-read,Oracle external provider,dvault-adddvaultoracle-optimized/sha256-128-v1-hex,oracle-optimized-dvault,"100 customers, 100 PIT rows, 2 satellite segments",as-of read after latest profile/status snapshots,failed,Object reference not set to an instance of an object.,0,,,,,,,scenario=pit-as-of-read; provider=Oracle external provider; baseline=dvault-adddvaultoracle-optimized/sha256-128-v1-hex; strategyFamily=oracle-optimized-dvault; executionPath=DVault Oracle optimized PIT read path; selectedStrategy=OracleDataVaultReadStrategy; plannedReadStrategy=OracleDataVaultReadStrategy; readShape=PitAsOf; hashKeyVariant=sha256-128-v1-hex; stableHashAlgorithm=sha256-128-v1; digestBytes=16; hashKeyStorage=HexString; hashKeyPayloadBytes=32,not executed
bridge-traversal-read,Oracle external provider,dvault-adddvaultoracle-optimized/sha256-128-v1-hex,oracle-optimized-dvault,1 hierarchy ancestor with 100 descendant bridge rows,maximum depth 3 of 5,failed,ORA-24449: could not reexecute statement after server side metadata changes  https://docs.oracle.com/error-help/db/ora-24449/,0,,,,,,,scenario=bridge-traversal-read; provider=Oracle external provider; baseline=dvault-adddvaultoracle-optimized/sha256-128-v1-hex; strategyFamily=oracle-optimized-dvault; executionPath=DVault Oracle optimized bridge read path; selectedStrategy=OracleDataVaultReadStrategy; plannedReadStrategy=OracleDataVaultReadStrategy; readShape=Bridge; hashKeyVariant=sha256-128-v1-hex; stableHashAlgorithm=sha256-128-v1; digestBytes=16; hashKeyStorage=HexString; hashKeyPayloadBytes=32,not executed
provider-native-bulk-ingestion,Oracle external provider,dvault-adddvault-fallback/sha256-128-v1-binary,provider-neutral-dvault-fallback,"20 order-product pairs, 3 fulfillment satellite operations",provider-eligible mixed hub/link/satellite bulk batch with one unchanged replay,completed,,1,121.617,121.617,121.617,3604032,3604032,3604032,"scenario=provider-native-bulk-ingestion; provider=Oracle external provider; baseline=dvault-adddvault-fallback/sha256-128-v1-binary; strategyFamily=provider-neutral-dvault-fallback; executionPath=DVault provider-neutral fallback path; selectedStrategy=<none>; providerSpecificSaveStrategy=fallback; hashKeyVariant=sha256-128-v1-binary; stableHashAlgorithm=sha256-128-v1; digestBytes=16; hashKeyStorage=Binary; hashKeyPayloadBytes=16; saveStrategyStatus=ProviderNeutralFallback; provider=Oracle.EntityFrameworkCore; selectedStrategy=<none>; candidateStrategies=none; candidates=0; fallbackCauses=NoProviderSpecificStrategyRegistered; requestCount=5; hubOperations=40; linkOperations=20; satelliteOperations=3; nativeBulkGate=clean-context,no-multi-active-satellites,provider-eligible-bulk-request","20 order hubs, 20 product hubs, 20 order-product links, and 2 fulfillment satellite rows"
provider-native-bulk-ingestion,Oracle external provider,dvault-adddvaultoracle-optimized/sha256-128-v1-binary,oracle-optimized-dvault,"20 order-product pairs, 3 fulfillment satellite operations",provider-eligible mixed hub/link/satellite bulk batch with one unchanged replay,failed,ORA-24449: could not reexecute statement after server side metadata changes  https://docs.oracle.com/error-help/db/ora-24449/,0,,,,,,,scenario=provider-native-bulk-ingestion; provider=Oracle external provider; baseline=dvault-adddvaultoracle-optimized/sha256-128-v1-binary; strategyFamily=oracle-optimized-dvault; executionPath=DVault Oracle direct optimized save path; selectedStrategy=OracleDataVaultSaveStrategy; oracleBulkBoundary=direct-oracle-batching; stagedOracleBulk=not-selected-no-measured-win; cleanupBoundary=direct-provider-transaction; hashKeyVariant=sha256-128-v1-binary; stableHashAlgorithm=sha256-128-v1; digestBytes=16; hashKeyStorage=Binary; hashKeyPayloadBytes=16,not executed
latest-satellite-read,Oracle external provider,dvault-adddvaultoracle-optimized/sha256-128-v1-binary,oracle-optimized-dvault,"100 customers, 10 profile states each",90% repeat-change history latest read,failed,ORA-24449: could not reexecute statement after server side metadata changes  https://docs.oracle.com/error-help/db/ora-24449/,0,,,,,,,scenario=latest-satellite-read; provider=Oracle external provider; baseline=dvault-adddvaultoracle-optimized/sha256-128-v1-binary; strategyFamily=oracle-optimized-dvault; executionPath=DVault Oracle optimized latest satellite read path; selectedStrategy=OracleDataVaultReadStrategy; plannedReadStrategy=OracleDataVaultReadStrategy; readShape=LatestSatellite; hashKeyVariant=sha256-128-v1-binary; stableHashAlgorithm=sha256-128-v1; digestBytes=16; hashKeyStorage=Binary; hashKeyPayloadBytes=16,not executed
pit-as-of-read,Oracle external provider,dvault-adddvaultoracle-optimized/sha256-128-v1-binary,oracle-optimized-dvault,"100 customers, 100 PIT rows, 2 satellite segments",as-of read after latest profile/status snapshots,failed,Object reference not set to an instance of an object.,0,,,,,,,scenario=pit-as-of-read; provider=Oracle external provider; baseline=dvault-adddvaultoracle-optimized/sha256-128-v1-binary; strategyFamily=oracle-optimized-dvault; executionPath=DVault Oracle optimized PIT read path; selectedStrategy=OracleDataVaultReadStrategy; plannedReadStrategy=OracleDataVaultReadStrategy; readShape=PitAsOf; hashKeyVariant=sha256-128-v1-binary; stableHashAlgorithm=sha256-128-v1; digestBytes=16; hashKeyStorage=Binary; hashKeyPayloadBytes=16,not executed
bridge-traversal-read,Oracle external provider,dvault-adddvaultoracle-optimized/sha256-128-v1-binary,oracle-optimized-dvault,1 hierarchy ancestor with 100 descendant bridge rows,maximum depth 3 of 5,failed,ORA-24449: could not reexecute statement after server side metadata changes  https://docs.oracle.com/error-help/db/ora-24449/,0,,,,,,,scenario=bridge-traversal-read; provider=Oracle external provider; baseline=dvault-adddvaultoracle-optimized/sha256-128-v1-binary; strategyFamily=oracle-optimized-dvault; executionPath=DVault Oracle optimized bridge read path; selectedStrategy=OracleDataVaultReadStrategy; plannedReadStrategy=OracleDataVaultReadStrategy; readShape=Bridge; hashKeyVariant=sha256-128-v1-binary; stableHashAlgorithm=sha256-128-v1; digestBytes=16; hashKeyStorage=Binary; hashKeyPayloadBytes=16,not executed
provider-native-bulk-ingestion,DB2 external provider,dvault-adddvault-fallback,provider-neutral-dvault-fallback,"20 order-product pairs, 3 fulfillment satellite operations",provider-eligible mixed hub/link/satellite bulk batch with one unchanged replay,completed,,1,181.715,181.715,181.715,4047976,4047976,4047976,"scenario=provider-native-bulk-ingestion; provider=DB2 external provider; baseline=dvault-adddvault-fallback; strategyFamily=provider-neutral-dvault-fallback; executionPath=DVault provider-neutral fallback path; selectedStrategy=<none>; providerSpecificSaveStrategy=fallback; hashKeyVariant=sha256-v1-hex; stableHashAlgorithm=sha256-v1; digestBytes=32; hashKeyStorage=HexString; hashKeyPayloadBytes=64; saveStrategyStatus=ProviderNeutralFallback; provider=IBM.EntityFrameworkCore; selectedStrategy=<none>; candidateStrategies=none; candidates=0; fallbackCauses=NoProviderSpecificStrategyRegistered; requestCount=5; hubOperations=40; linkOperations=20; satelliteOperations=3; nativeBulkGate=clean-context,no-multi-active-satellites,provider-eligible-bulk-request","20 order hubs, 20 product hubs, 20 order-product links, and 2 fulfillment satellite rows"
provider-native-bulk-ingestion,DB2 external provider,dvault-adddvaultdb2-optimized,db2-optimized-dvault,"20 order-product pairs, 3 fulfillment satellite operations",provider-eligible mixed hub/link/satellite bulk batch with one unchanged replay,completed,,1,67.032,67.032,67.032,975512,975512,975512,"scenario=provider-native-bulk-ingestion; provider=DB2 external provider; baseline=dvault-adddvaultdb2-optimized; strategyFamily=db2-optimized-dvault; executionPath=DVault DB2 optimized save path; selectedStrategy=Db2DataVaultSaveStrategy; db2SaveBoundary=clean-context-set-based; stagedBulkBoundary=not-supported; cleanupBoundary=direct-provider-transaction; hashKeyVariant=sha256-v1-hex; stableHashAlgorithm=sha256-v1; digestBytes=32; hashKeyStorage=HexString; hashKeyPayloadBytes=64; saveStrategyStatus=ProviderStrategySelected; provider=IBM.EntityFrameworkCore; selectedStrategy=Db2DataVaultSaveStrategy; candidateStrategies=Db2DataVaultSaveStrategy; candidates=1; fallbackCauses=none; requestCount=5; hubOperations=40; linkOperations=20; satelliteOperations=3; nativeBulkGate=clean-context,no-multi-active-satellites,provider-eligible-bulk-request","20 order hubs, 20 product hubs, 20 order-product links, and 2 fulfillment satellite rows"
latest-satellite-read,DB2 external provider,dvault-adddvaultdb2-optimized,db2-optimized-dvault,"100 customers, 10 profile states each",90% repeat-change history latest read,completed,,1,16.877,16.877,16.877,800408,800408,800408,scenario=latest-satellite-read; provider=DB2 external provider; baseline=dvault-adddvaultdb2-optimized; strategyFamily=db2-optimized-dvault; executionPath=DVault DB2 optimized latest satellite read path; selectedStrategy=Db2DataVaultReadStrategy; plannedReadStrategy=Db2DataVaultReadStrategy; readShape=LatestSatellite; hashKeyVariant=sha256-v1-hex; stableHashAlgorithm=sha256-v1; digestBytes=32; hashKeyStorage=HexString; hashKeyPayloadBytes=64; readStrategyStatus=ProviderStrategySelected; provider=IBM.EntityFrameworkCore; selectedStrategy=Db2DataVaultReadStrategy; candidates=1; fallbackCauses=none; readShape=LatestSatellite; readShapeProviderStatus=ProviderStrategySelected; readShapeFallbackCauses=none,100 latest profile satellite rows read from 1000 seeded profile states
pit-as-of-read,DB2 external provider,dvault-adddvaultdb2-optimized,db2-optimized-dvault,"100 customers, 100 PIT rows, 2 satellite segments",as-of read after latest profile/status snapshots,completed,,1,31.675,31.675,31.675,5351712,5351712,5351712,scenario=pit-as-of-read; provider=DB2 external provider; baseline=dvault-adddvaultdb2-optimized; strategyFamily=db2-optimized-dvault; executionPath=DVault DB2 optimized PIT read path; selectedStrategy=Db2DataVaultReadStrategy; plannedReadStrategy=Db2DataVaultReadStrategy; readShape=PitAsOf; hashKeyVariant=sha256-v1-hex; stableHashAlgorithm=sha256-v1; digestBytes=32; hashKeyStorage=HexString; hashKeyPayloadBytes=64; readStrategyStatus=ProviderStrategySelected; provider=IBM.EntityFrameworkCore; selectedStrategy=Db2DataVaultReadStrategy; candidates=1; fallbackCauses=none; readShape=PitAsOf; readShapeProviderStatus=ProviderStrategySelected; readShapeFallbackCauses=none,100 PIT as-of rows read across profile and status satellite snapshots
bridge-traversal-read,DB2 external provider,dvault-adddvaultdb2-optimized,db2-optimized-dvault,1 hierarchy ancestor with 100 descendant bridge rows,maximum depth 3 of 5,completed,,1,6.514,6.514,6.514,257824,257824,257824,scenario=bridge-traversal-read; provider=DB2 external provider; baseline=dvault-adddvaultdb2-optimized; strategyFamily=db2-optimized-dvault; executionPath=DVault DB2 optimized bridge read path; selectedStrategy=Db2DataVaultReadStrategy; plannedReadStrategy=Db2DataVaultReadStrategy; readShape=Bridge; hashKeyVariant=sha256-v1-hex; stableHashAlgorithm=sha256-v1; digestBytes=32; hashKeyStorage=HexString; hashKeyPayloadBytes=64; readStrategyStatus=ProviderStrategySelected; provider=IBM.EntityFrameworkCore; selectedStrategy=Db2DataVaultReadStrategy; candidates=1; fallbackCauses=none; readShape=Bridge; readShapeProviderStatus=ProviderStrategySelected; readShapeFallbackCauses=none,60 bridge traversal rows read from 100 seeded hierarchy rows
provider-native-bulk-ingestion,DB2 external provider,dvault-adddvault-fallback/sha256-v1-binary,provider-neutral-dvault-fallback,"20 order-product pairs, 3 fulfillment satellite operations",provider-eligible mixed hub/link/satellite bulk batch with one unchanged replay,completed,,1,99.447,99.447,99.447,3917104,3917104,3917104,"scenario=provider-native-bulk-ingestion; provider=DB2 external provider; baseline=dvault-adddvault-fallback/sha256-v1-binary; strategyFamily=provider-neutral-dvault-fallback; executionPath=DVault provider-neutral fallback path; selectedStrategy=<none>; providerSpecificSaveStrategy=fallback; hashKeyVariant=sha256-v1-binary; stableHashAlgorithm=sha256-v1; digestBytes=32; hashKeyStorage=Binary; hashKeyPayloadBytes=32; saveStrategyStatus=ProviderNeutralFallback; provider=IBM.EntityFrameworkCore; selectedStrategy=<none>; candidateStrategies=none; candidates=0; fallbackCauses=NoProviderSpecificStrategyRegistered; requestCount=5; hubOperations=40; linkOperations=20; satelliteOperations=3; nativeBulkGate=clean-context,no-multi-active-satellites,provider-eligible-bulk-request","20 order hubs, 20 product hubs, 20 order-product links, and 2 fulfillment satellite rows"
provider-native-bulk-ingestion,DB2 external provider,dvault-adddvaultdb2-optimized/sha256-v1-binary,db2-optimized-dvault,"20 order-product pairs, 3 fulfillment satellite operations",provider-eligible mixed hub/link/satellite bulk batch with one unchanged replay,failed,ERROR [22001] [IBM] CLI0109E  String data right truncation. SQLSTATE=22001,0,,,,,,,scenario=provider-native-bulk-ingestion; provider=DB2 external provider; baseline=dvault-adddvaultdb2-optimized/sha256-v1-binary; strategyFamily=db2-optimized-dvault; executionPath=DVault DB2 optimized save path; selectedStrategy=Db2DataVaultSaveStrategy; db2SaveBoundary=clean-context-set-based; stagedBulkBoundary=not-supported; cleanupBoundary=direct-provider-transaction; hashKeyVariant=sha256-v1-binary; stableHashAlgorithm=sha256-v1; digestBytes=32; hashKeyStorage=Binary; hashKeyPayloadBytes=32,not executed
latest-satellite-read,DB2 external provider,dvault-adddvaultdb2-optimized/sha256-v1-binary,db2-optimized-dvault,"100 customers, 10 profile states each",90% repeat-change history latest read,failed,ERROR [22001] [IBM] CLI0109E  String data right truncation. SQLSTATE=22001,0,,,,,,,scenario=latest-satellite-read; provider=DB2 external provider; baseline=dvault-adddvaultdb2-optimized/sha256-v1-binary; strategyFamily=db2-optimized-dvault; executionPath=DVault DB2 optimized latest satellite read path; selectedStrategy=Db2DataVaultReadStrategy; plannedReadStrategy=Db2DataVaultReadStrategy; readShape=LatestSatellite; hashKeyVariant=sha256-v1-binary; stableHashAlgorithm=sha256-v1; digestBytes=32; hashKeyStorage=Binary; hashKeyPayloadBytes=32,not executed
pit-as-of-read,DB2 external provider,dvault-adddvaultdb2-optimized/sha256-v1-binary,db2-optimized-dvault,"100 customers, 100 PIT rows, 2 satellite segments",as-of read after latest profile/status snapshots,failed,ERROR [22001] [IBM] CLI0109E  String data right truncation. SQLSTATE=22001,0,,,,,,,scenario=pit-as-of-read; provider=DB2 external provider; baseline=dvault-adddvaultdb2-optimized/sha256-v1-binary; strategyFamily=db2-optimized-dvault; executionPath=DVault DB2 optimized PIT read path; selectedStrategy=Db2DataVaultReadStrategy; plannedReadStrategy=Db2DataVaultReadStrategy; readShape=PitAsOf; hashKeyVariant=sha256-v1-binary; stableHashAlgorithm=sha256-v1; digestBytes=32; hashKeyStorage=Binary; hashKeyPayloadBytes=32,not executed
bridge-traversal-read,DB2 external provider,dvault-adddvaultdb2-optimized/sha256-v1-binary,db2-optimized-dvault,1 hierarchy ancestor with 100 descendant bridge rows,maximum depth 3 of 5,completed,,1,4.945,4.945,4.945,289440,289440,289440,scenario=bridge-traversal-read; provider=DB2 external provider; baseline=dvault-adddvaultdb2-optimized/sha256-v1-binary; strategyFamily=db2-optimized-dvault; executionPath=DVault DB2 optimized bridge read path; selectedStrategy=Db2DataVaultReadStrategy; plannedReadStrategy=Db2DataVaultReadStrategy; readShape=Bridge; hashKeyVariant=sha256-v1-binary; stableHashAlgorithm=sha256-v1; digestBytes=32; hashKeyStorage=Binary; hashKeyPayloadBytes=32; readStrategyStatus=ProviderStrategySelected; provider=IBM.EntityFrameworkCore; selectedStrategy=Db2DataVaultReadStrategy; candidates=1; fallbackCauses=none; readShape=Bridge; readShapeProviderStatus=ProviderStrategySelected; readShapeFallbackCauses=none,60 bridge traversal rows read from 100 seeded hierarchy rows
provider-native-bulk-ingestion,DB2 external provider,dvault-adddvault-fallback/sha256-128-v1-hex,provider-neutral-dvault-fallback,"20 order-product pairs, 3 fulfillment satellite operations",provider-eligible mixed hub/link/satellite bulk batch with one unchanged replay,completed,,1,164.123,164.123,164.123,3608088,3608088,3608088,"scenario=provider-native-bulk-ingestion; provider=DB2 external provider; baseline=dvault-adddvault-fallback/sha256-128-v1-hex; strategyFamily=provider-neutral-dvault-fallback; executionPath=DVault provider-neutral fallback path; selectedStrategy=<none>; providerSpecificSaveStrategy=fallback; hashKeyVariant=sha256-128-v1-hex; stableHashAlgorithm=sha256-128-v1; digestBytes=16; hashKeyStorage=HexString; hashKeyPayloadBytes=32; saveStrategyStatus=ProviderNeutralFallback; provider=IBM.EntityFrameworkCore; selectedStrategy=<none>; candidateStrategies=none; candidates=0; fallbackCauses=NoProviderSpecificStrategyRegistered; requestCount=5; hubOperations=40; linkOperations=20; satelliteOperations=3; nativeBulkGate=clean-context,no-multi-active-satellites,provider-eligible-bulk-request","20 order hubs, 20 product hubs, 20 order-product links, and 2 fulfillment satellite rows"
provider-native-bulk-ingestion,DB2 external provider,dvault-adddvaultdb2-optimized/sha256-128-v1-hex,db2-optimized-dvault,"20 order-product pairs, 3 fulfillment satellite operations",provider-eligible mixed hub/link/satellite bulk batch with one unchanged replay,completed,,1,83.391,83.391,83.391,958344,958344,958344,"scenario=provider-native-bulk-ingestion; provider=DB2 external provider; baseline=dvault-adddvaultdb2-optimized/sha256-128-v1-hex; strategyFamily=db2-optimized-dvault; executionPath=DVault DB2 optimized save path; selectedStrategy=Db2DataVaultSaveStrategy; db2SaveBoundary=clean-context-set-based; stagedBulkBoundary=not-supported; cleanupBoundary=direct-provider-transaction; hashKeyVariant=sha256-128-v1-hex; stableHashAlgorithm=sha256-128-v1; digestBytes=16; hashKeyStorage=HexString; hashKeyPayloadBytes=32; saveStrategyStatus=ProviderStrategySelected; provider=IBM.EntityFrameworkCore; selectedStrategy=Db2DataVaultSaveStrategy; candidateStrategies=Db2DataVaultSaveStrategy; candidates=1; fallbackCauses=none; requestCount=5; hubOperations=40; linkOperations=20; satelliteOperations=3; nativeBulkGate=clean-context,no-multi-active-satellites,provider-eligible-bulk-request","20 order hubs, 20 product hubs, 20 order-product links, and 2 fulfillment satellite rows"
latest-satellite-read,DB2 external provider,dvault-adddvaultdb2-optimized/sha256-128-v1-hex,db2-optimized-dvault,"100 customers, 10 profile states each",90% repeat-change history latest read,completed,,1,9.777,9.777,9.777,793544,793544,793544,scenario=latest-satellite-read; provider=DB2 external provider; baseline=dvault-adddvaultdb2-optimized/sha256-128-v1-hex; strategyFamily=db2-optimized-dvault; executionPath=DVault DB2 optimized latest satellite read path; selectedStrategy=Db2DataVaultReadStrategy; plannedReadStrategy=Db2DataVaultReadStrategy; readShape=LatestSatellite; hashKeyVariant=sha256-128-v1-hex; stableHashAlgorithm=sha256-128-v1; digestBytes=16; hashKeyStorage=HexString; hashKeyPayloadBytes=32; readStrategyStatus=ProviderStrategySelected; provider=IBM.EntityFrameworkCore; selectedStrategy=Db2DataVaultReadStrategy; candidates=1; fallbackCauses=none; readShape=LatestSatellite; readShapeProviderStatus=ProviderStrategySelected; readShapeFallbackCauses=none,100 latest profile satellite rows read from 1000 seeded profile states
pit-as-of-read,DB2 external provider,dvault-adddvaultdb2-optimized/sha256-128-v1-hex,db2-optimized-dvault,"100 customers, 100 PIT rows, 2 satellite segments",as-of read after latest profile/status snapshots,completed,,1,26.605,26.605,26.605,5180968,5180968,5180968,scenario=pit-as-of-read; provider=DB2 external provider; baseline=dvault-adddvaultdb2-optimized/sha256-128-v1-hex; strategyFamily=db2-optimized-dvault; executionPath=DVault DB2 optimized PIT read path; selectedStrategy=Db2DataVaultReadStrategy; plannedReadStrategy=Db2DataVaultReadStrategy; readShape=PitAsOf; hashKeyVariant=sha256-128-v1-hex; stableHashAlgorithm=sha256-128-v1; digestBytes=16; hashKeyStorage=HexString; hashKeyPayloadBytes=32; readStrategyStatus=ProviderStrategySelected; provider=IBM.EntityFrameworkCore; selectedStrategy=Db2DataVaultReadStrategy; candidates=1; fallbackCauses=none; readShape=PitAsOf; readShapeProviderStatus=ProviderStrategySelected; readShapeFallbackCauses=none,100 PIT as-of rows read across profile and status satellite snapshots
bridge-traversal-read,DB2 external provider,dvault-adddvaultdb2-optimized/sha256-128-v1-hex,db2-optimized-dvault,1 hierarchy ancestor with 100 descendant bridge rows,maximum depth 3 of 5,completed,,1,4.969,4.969,4.969,242152,242152,242152,scenario=bridge-traversal-read; provider=DB2 external provider; baseline=dvault-adddvaultdb2-optimized/sha256-128-v1-hex; strategyFamily=db2-optimized-dvault; executionPath=DVault DB2 optimized bridge read path; selectedStrategy=Db2DataVaultReadStrategy; plannedReadStrategy=Db2DataVaultReadStrategy; readShape=Bridge; hashKeyVariant=sha256-128-v1-hex; stableHashAlgorithm=sha256-128-v1; digestBytes=16; hashKeyStorage=HexString; hashKeyPayloadBytes=32; readStrategyStatus=ProviderStrategySelected; provider=IBM.EntityFrameworkCore; selectedStrategy=Db2DataVaultReadStrategy; candidates=1; fallbackCauses=none; readShape=Bridge; readShapeProviderStatus=ProviderStrategySelected; readShapeFallbackCauses=none,60 bridge traversal rows read from 100 seeded hierarchy rows
provider-native-bulk-ingestion,DB2 external provider,dvault-adddvault-fallback/sha256-128-v1-binary,provider-neutral-dvault-fallback,"20 order-product pairs, 3 fulfillment satellite operations",provider-eligible mixed hub/link/satellite bulk batch with one unchanged replay,completed,,1,216.596,216.596,216.596,3833456,3833456,3833456,"scenario=provider-native-bulk-ingestion; provider=DB2 external provider; baseline=dvault-adddvault-fallback/sha256-128-v1-binary; strategyFamily=provider-neutral-dvault-fallback; executionPath=DVault provider-neutral fallback path; selectedStrategy=<none>; providerSpecificSaveStrategy=fallback; hashKeyVariant=sha256-128-v1-binary; stableHashAlgorithm=sha256-128-v1; digestBytes=16; hashKeyStorage=Binary; hashKeyPayloadBytes=16; saveStrategyStatus=ProviderNeutralFallback; provider=IBM.EntityFrameworkCore; selectedStrategy=<none>; candidateStrategies=none; candidates=0; fallbackCauses=NoProviderSpecificStrategyRegistered; requestCount=5; hubOperations=40; linkOperations=20; satelliteOperations=3; nativeBulkGate=clean-context,no-multi-active-satellites,provider-eligible-bulk-request","20 order hubs, 20 product hubs, 20 order-product links, and 2 fulfillment satellite rows"
provider-native-bulk-ingestion,DB2 external provider,dvault-adddvaultdb2-optimized/sha256-128-v1-binary,db2-optimized-dvault,"20 order-product pairs, 3 fulfillment satellite operations",provider-eligible mixed hub/link/satellite bulk batch with one unchanged replay,failed,ERROR [22001] [IBM] CLI0109E  String data right truncation. SQLSTATE=22001,0,,,,,,,scenario=provider-native-bulk-ingestion; provider=DB2 external provider; baseline=dvault-adddvaultdb2-optimized/sha256-128-v1-binary; strategyFamily=db2-optimized-dvault; executionPath=DVault DB2 optimized save path; selectedStrategy=Db2DataVaultSaveStrategy; db2SaveBoundary=clean-context-set-based; stagedBulkBoundary=not-supported; cleanupBoundary=direct-provider-transaction; hashKeyVariant=sha256-128-v1-binary; stableHashAlgorithm=sha256-128-v1; digestBytes=16; hashKeyStorage=Binary; hashKeyPayloadBytes=16,not executed
latest-satellite-read,DB2 external provider,dvault-adddvaultdb2-optimized/sha256-128-v1-binary,db2-optimized-dvault,"100 customers, 10 profile states each",90% repeat-change history latest read,failed,ERROR [22001] [IBM] CLI0109E  String data right truncation. SQLSTATE=22001,0,,,,,,,scenario=latest-satellite-read; provider=DB2 external provider; baseline=dvault-adddvaultdb2-optimized/sha256-128-v1-binary; strategyFamily=db2-optimized-dvault; executionPath=DVault DB2 optimized latest satellite read path; selectedStrategy=Db2DataVaultReadStrategy; plannedReadStrategy=Db2DataVaultReadStrategy; readShape=LatestSatellite; hashKeyVariant=sha256-128-v1-binary; stableHashAlgorithm=sha256-128-v1; digestBytes=16; hashKeyStorage=Binary; hashKeyPayloadBytes=16,not executed
pit-as-of-read,DB2 external provider,dvault-adddvaultdb2-optimized/sha256-128-v1-binary,db2-optimized-dvault,"100 customers, 100 PIT rows, 2 satellite segments",as-of read after latest profile/status snapshots,failed,ERROR [22001] [IBM] CLI0109E  String data right truncation. SQLSTATE=22001,0,,,,,,,scenario=pit-as-of-read; provider=DB2 external provider; baseline=dvault-adddvaultdb2-optimized/sha256-128-v1-binary; strategyFamily=db2-optimized-dvault; executionPath=DVault DB2 optimized PIT read path; selectedStrategy=Db2DataVaultReadStrategy; plannedReadStrategy=Db2DataVaultReadStrategy; readShape=PitAsOf; hashKeyVariant=sha256-128-v1-binary; stableHashAlgorithm=sha256-128-v1; digestBytes=16; hashKeyStorage=Binary; hashKeyPayloadBytes=16,not executed
bridge-traversal-read,DB2 external provider,dvault-adddvaultdb2-optimized/sha256-128-v1-binary,db2-optimized-dvault,1 hierarchy ancestor with 100 descendant bridge rows,maximum depth 3 of 5,completed,,1,4.717,4.717,4.717,262752,262752,262752,scenario=bridge-traversal-read; provider=DB2 external provider; baseline=dvault-adddvaultdb2-optimized/sha256-128-v1-binary; strategyFamily=db2-optimized-dvault; executionPath=DVault DB2 optimized bridge read path; selectedStrategy=Db2DataVaultReadStrategy; plannedReadStrategy=Db2DataVaultReadStrategy; readShape=Bridge; hashKeyVariant=sha256-128-v1-binary; stableHashAlgorithm=sha256-128-v1; digestBytes=16; hashKeyStorage=Binary; hashKeyPayloadBytes=16; readStrategyStatus=ProviderStrategySelected; provider=IBM.EntityFrameworkCore; selectedStrategy=Db2DataVaultReadStrategy; candidates=1; fallbackCauses=none; readShape=Bridge; readShapeProviderStatus=ProviderStrategySelected; readShapeFallbackCauses=none,60 bridge traversal rows read from 100 seeded hierarchy rows
